,Title,Description,Type of Rooms,Allowed Guests,Details Proprety,Price per Night,Link
0,Entire rental unit in Nation,Appartement Porte DorÃ©e,1 bedroom,4,Wifi Â· Kitchen Â· Washer Â· Heating,98,https://www.airbnb.com/rooms/48808311?check_in=2022-04-01&check_out=2022-04-14&previous_page_section_name=1000&federated_search_id=8f2d435a-5add-4ccf-8d4b-586abc750851
1,Entire serviced apartment in XIII Arrondissement,Studio double bed - Near subway line 7,Studio,2,Wifi Â· Kitchen Â· Washer Â· Heating,81,https://www.airbnb.com/rooms/46255907?check_in=2022-04-01&check_out=2022-04-14&previous_page_section_name=1000&federated_search_id=8f2d435a-5add-4ccf-8d4b-586abc750851
2,Entire rental unit in XIX Arrondissement,Small two rooms well located,1 bedroom,2,Wifi Â· Kitchen Â· Washer Â· Heating,41,https://www.airbnb.com/rooms/17906973?check_in=2022-04-01&check_out=2022-04-14&previous_page_section_name=1000&federated_search_id=8f2d435a-5add-4ccf-8d4b-586abc750851
3,Tiny house in Issy-les-Moulineaux,Modern studio on the outskirts of Paris,Studio,1,Wifi Â· Kitchen Â· Heating,67,https://www.airbnb.com/rooms/40434921?check_in=2022-04-01&check_out=2022-04-14&previous_page_section_name=1000&federated_search_id=8f2d435a-5add-4ccf-8d4b-586abc750851
4,Private room in XIII Arrondissement,Paris,2 bedrooms,5,Wifi Â· Kitchen Â· Washer Â· Heating,44,https://www.airbnb.com/rooms/21557134?check_in=2022-04-01&check_out=2022-04-14&previous_page_section_name=1000&federated_search_id=8f2d435a-5add-4ccf-8d4b-586abc750851
5,Entire rental unit in XVIII Arrondissement,Nice studio close to Montmartre,Studio,2,Kitchen Â· Washer Â· Heating,85,https://www.airbnb.com/rooms/19903843?check_in=2022-04-01&check_out=2022-04-14&previous_page_section_name=1000&federated_search_id=8f2d435a-5add-4ccf-8d4b-586abc750851
6,Entire rental unit in XX Arrondissement,"At the gates of Paris, Cozy T2 near Metro L3 & L9",1 bedroom,2,Wifi Â· Kitchen Â· Washer Â· Heating,70,https://www.airbnb.com/rooms/53944912?check_in=2022-04-01&check_out=2022-04-14&previous_page_section_name=1000&federated_search_id=8f2d435a-5add-4ccf-8d4b-586abc750851
7,Private room in Nation,"Beautiful studio in residence , in Saint MandÃ©",1 bedroom,2,2 guests Â· 1 bedroom Â· 1 bed Â· 1 private bath,36,https://www.airbnb.com/rooms/552668717458606931?check_in=2022-04-01&check_out=2022-04-14&previous_page_section_name=1000&federated_search_id=8f2d435a-5add-4ccf-8d4b-586abc750851
8,Entire rental unit in Noisy-le-Sec,Tiny flat next to the station Noisy-le-Sec,1 bedroom,2,Kitchen Â· Washer Â· Heating,27,https://www.airbnb.com/rooms/54212625?check_in=2022-04-01&check_out=2022-04-14&previous_page_section_name=1000&federated_search_id=8f2d435a-5add-4ccf-8d4b-586abc750851
9,Entire rental unit in XVIII Arrondissement,studio Ã  15 minutes Ã  pieds du SacrÃ©-cÅ“ur !,1 bedroom,4,Wifi Â· Kitchen Â· Washer,78,https://www.airbnb.com/rooms/54065721?check_in=2022-04-01&check_out=2022-04-14&previous_page_section_name=1000&federated_search_id=8f2d435a-5add-4ccf-8d4b-586abc750851
10,Entire rental unit in XVIII Arrondissement,Beautiful apartment for 2 with wifi in PARIS,1 bedroom,2,Wifi Â· Kitchen Â· Washer Â· Heating,130,https://www.airbnb.com/rooms/578834671625342178?check_in=2022-04-01&check_out=2022-04-14&previous_page_section_name=1000&federated_search_id=8f2d435a-5add-4ccf-8d4b-586abc750851
11,Entire rental unit in X Arrondissement,Charming Duplex Studio in the heart of Paris,1 bedroom,1,Wifi Â· Kitchen Â· Washer Â· Heating,148,https://www.airbnb.com/rooms/47300986?check_in=2022-04-01&check_out=2022-04-14&previous_page_section_name=1000&federated_search_id=8f2d435a-5add-4ccf-8d4b-586abc750851
12,Entire rental unit in XV Arrondissement,A Dream Come True : Sunny Home in Vanves !,1 bedroom,2,Wifi Â· Kitchen Â· Washer Â· Heating,107,https://www.airbnb.com/rooms/570165003243762901?check_in=2022-04-01&check_out=2022-04-14&previous_page_section_name=1000&federated_search_id=8f2d435a-5add-4ccf-8d4b-586abc750851
13,Entire rental unit in XVI Arrondissement,"Lumineux 21mÂ² proche ""Arc de Triomphe""",1 bedroom,2,Wifi Â· Kitchen Â· Washer Â· Heating,124,https://www.airbnb.com/rooms/579456586850882263?check_in=2022-04-01&check_out=2022-04-14&previous_page_section_name=1000&federated_search_id=8f2d435a-5add-4ccf-8d4b-586abc750851
14,Entire rental unit in Saint-Maurice,Beautiful studio with wifi in Saint-Maurice quiet ğŸŒ³,Studio,2,Wifi Â· Kitchen Â· Washer Â· Heating,79,https://www.airbnb.com/rooms/546331688173217830?check_in=2022-04-01&check_out=2022-04-14&previous_page_section_name=1000&federated_search_id=8f2d435a-5add-4ccf-8d4b-586abc750851
15,Entire rental unit in Nanterre,"Cozy and equipped duplex, near La DÃ©fense/Paris",1 bedroom,4,Wifi Â· Kitchen Â· Washer Â· Heating,74,https://www.airbnb.com/rooms/49500942?check_in=2022-04-01&check_out=2022-04-14&previous_page_section_name=1000&federated_search_id=8f2d435a-5add-4ccf-8d4b-586abc750851
16,Entire rental unit in Vincennes,Charming studio near Chateau de Vincennes,Studio,2,Wifi Â· Kitchen Â· Washer Â· Heating,93,https://www.airbnb.com/rooms/42500519?check_in=2022-04-01&check_out=2022-04-14&previous_page_section_name=1000&federated_search_id=8f2d435a-5add-4ccf-8d4b-586abc750851
17,Entire rental unit in Boulogne-Billancourt,Superbe 2 piÃ¨ces trÃ¨s bien situÃ© Ã  Boulogne-Paris,1 bedroom,4,Wifi Â· Kitchen Â· Washer Â· Heating,97,https://www.airbnb.com/rooms/50224550?check_in=2022-04-01&check_out=2022-04-14&previous_page_section_name=1000&federated_search_id=8f2d435a-5add-4ccf-8d4b-586abc750851
18,Entire rental unit in XIX Arrondissement,Studio 2 people wifi + Netflix proche Paris,Studio,2,Wifi Â· Kitchen Â· Washer Â· Heating,75,https://www.airbnb.com/rooms/575322267155467221?check_in=2022-04-01&check_out=2022-04-14&previous_page_section_name=1000&federated_search_id=8f2d435a-5add-4ccf-8d4b-586abc750851
19,Entire rental unit in Ternes,Nice stay next to Arc de Triomphe and Champs,1 bedroom,4,Wifi Â· Kitchen Â· Washer Â· Heating,112,https://www.airbnb.com/rooms/39775908?check_in=2022-04-01&check_out=2022-04-14&previous_page_section_name=1000&federated_search_id=8f2d435a-5add-4ccf-8d4b-586abc750851
20,Entire condominium (condo) in Villiers-le-Bel,Furnished studio near Paris,1 bedroom,2,Wifi Â· Kitchen Â· Heating,35,https://www.airbnb.com/rooms/50287285?check_in=2022-04-01&check_out=2022-04-14&previous_page_section_name=1000&federated_search_id=e46a180a-d737-4a0c-94d9-36b59d5aceea
21,Entire rental unit in Vincennes, Beautiful renovated Vincennes studio,Studio,2,Hosted by a business Â· Kitchen Â· Washer Â· Heating,87,https://www.airbnb.com/rooms/548299017067163668?check_in=2022-04-01&check_out=2022-04-14&previous_page_section_name=1000&federated_search_id=e46a180a-d737-4a0c-94d9-36b59d5aceea
22,Entire rental unit in Quartier Latin,"Cozy apartment in Saint Michel Notre Dame, Paris",1 bedroom,2,Wifi Â· Kitchen Â· Washer Â· Heating,172,https://www.airbnb.com/rooms/568725493393767800?check_in=2022-04-01&check_out=2022-04-14&previous_page_section_name=1000&federated_search_id=e46a180a-d737-4a0c-94d9-36b59d5aceea
23,Private room in Buttes-Chaumont - Belleville,â™¦ï¸Roomâ™¦ï¸in pretty subway housing Mairie des Lilas,1 bedroom,2,Wifi Â· Kitchen Â· Washer Â· Heating,40,https://www.airbnb.com/rooms/45099991?check_in=2022-04-01&check_out=2022-04-14&previous_page_section_name=1000&federated_search_id=e46a180a-d737-4a0c-94d9-36b59d5aceea
24,Private room in XI Arrondissement,"Paris Bastille DELUXE Studio(metro1 /Metro 5,9)",1 bedroom,2,Wifi Â· Kitchen Â· Washer Â· Heating,101,https://www.airbnb.com/rooms/50682822?check_in=2022-04-01&check_out=2022-04-14&previous_page_section_name=1000&federated_search_id=e46a180a-d737-4a0c-94d9-36b59d5aceea
25,Entire rental unit in Saint-Germain-des-PrÃ©s - OdÃ©on,Paris: Nice atypical studio,Studio,2,Wifi Â· Kitchen Â· Washer,90,https://www.airbnb.com/rooms/572936216777473182?check_in=2022-04-01&check_out=2022-04-14&previous_page_section_name=1000&federated_search_id=e46a180a-d737-4a0c-94d9-36b59d5aceea
26,Entire rental unit in Quartier Latin,"Paris Pantheon: ""Emily in Paris"" district",Studio,2,Wifi Â· Kitchen Â· Washer Â· Heating,87,https://www.airbnb.com/rooms/579035138007010939?check_in=2022-04-01&check_out=2022-04-14&previous_page_section_name=1000&federated_search_id=e46a180a-d737-4a0c-94d9-36b59d5aceea
27,Entire rental unit in Buttes-Chaumont - Belleville,Magnificent apartment with private garden,1 bedroom,2,Wifi Â· Kitchen Â· Washer Â· Heating,76,https://www.airbnb.com/rooms/51555493?check_in=2022-04-01&check_out=2022-04-14&previous_page_section_name=1000&federated_search_id=e46a180a-d737-4a0c-94d9-36b59d5aceea
28,Private room in Nation,Cozy room at the foot of the green flow 12th arr,1 bedroom,2,Wifi Â· Kitchen Â· Heating,59,https://www.airbnb.com/rooms/30033785?check_in=2022-04-01&check_out=2022-04-14&previous_page_section_name=1000&federated_search_id=e46a180a-d737-4a0c-94d9-36b59d5aceea
29,Entire rental unit in XI Arrondissement,Cosy studio 2p - Parmentier / Voltaire,Studio,2,Hosted by a business Â· Wifi Â· Kitchen Â· Heating,134,https://www.airbnb.com/rooms/48925291?check_in=2022-04-01&check_out=2022-04-14&previous_page_section_name=1000&federated_search_id=e46a180a-d737-4a0c-94d9-36b59d5aceea
30,Entire rental unit in Nation,"40mÂ², very well placed & very well arranged, bright",1 bedroom,2,Wifi Â· Kitchen Â· Washer Â· Heating,85,https://www.airbnb.com/rooms/13268739?check_in=2022-04-01&check_out=2022-04-14&previous_page_section_name=1000&federated_search_id=e46a180a-d737-4a0c-94d9-36b59d5aceea
31,Shared room in XIII Arrondissement,Shared Room X,1 bedroom,1,Hosted by a business Â· Wifi Â· Heating,17,https://www.airbnb.com/rooms/52331849?check_in=2022-04-01&check_out=2022-04-14&previous_page_section_name=1000&federated_search_id=e46a180a-d737-4a0c-94d9-36b59d5aceea
32,Entire rental unit in XIII Arrondissement,Charming two room flat in 13th district,1 bedroom,2,Wifi Â· Kitchen Â· Heating,116,https://www.airbnb.com/rooms/18710536?check_in=2022-04-01&check_out=2022-04-14&previous_page_section_name=1000&federated_search_id=e46a180a-d737-4a0c-94d9-36b59d5aceea
33,Private room in PÃ¨re Lachaise - MÃ©nilmontant,2 room apartment Paris 20 th 8 min from the subway.,1 bedroom,2,Wifi Â· Kitchen Â· Washer Â· Heating,82,https://www.airbnb.com/rooms/52649590?check_in=2022-04-01&check_out=2022-04-14&previous_page_section_name=1000&federated_search_id=e46a180a-d737-4a0c-94d9-36b59d5aceea
34,Entire rental unit in XVIII Arrondissement,"3 room apartment, Paris 18",1 bedroom,2,Wifi Â· Kitchen Â· Heating,96,https://www.airbnb.com/rooms/17324630?check_in=2022-04-01&check_out=2022-04-14&previous_page_section_name=1000&federated_search_id=e46a180a-d737-4a0c-94d9-36b59d5aceea
35,Entire rental unit in XIX Arrondissement,Two-room apartment peaces with view,1 bedroom,2,Wifi Â· Kitchen Â· Washer Â· Heating,86,https://www.airbnb.com/rooms/16476740?check_in=2022-04-01&check_out=2022-04-14&previous_page_section_name=1000&federated_search_id=e46a180a-d737-4a0c-94d9-36b59d5aceea
36,Private room in XIII Arrondissement,PARISğŸ‡«ğŸ‡·Olympiades Pretty PRIVATE ROOM +BREAKFASTğŸ¥â˜•ï¸,1 bedroom,2,Wifi Â· Kitchen Â· Washer Â· Heating,66,https://www.airbnb.com/rooms/49764974?check_in=2022-04-01&check_out=2022-04-14&previous_page_section_name=1000&federated_search_id=e46a180a-d737-4a0c-94d9-36b59d5aceea
37,Entire residential home in Montreuil,"Old house, atypical charm, close to Paris",2 bedrooms,4,Wifi Â· Kitchen Â· Heating,68,https://www.airbnb.com/rooms/20617026?check_in=2022-04-01&check_out=2022-04-14&previous_page_section_name=1000&federated_search_id=e46a180a-d737-4a0c-94d9-36b59d5aceea
38,Entire rental unit in XIX Arrondissement,Studio Loft d 'Architecte,1 bedroom,2,Wifi Â· Kitchen Â· Washer Â· Heating,145,https://www.airbnb.com/rooms/49915021?check_in=2022-04-01&check_out=2022-04-14&previous_page_section_name=1000&federated_search_id=e46a180a-d737-4a0c-94d9-36b59d5aceea
39,Private room in PÃ¨re Lachaise - MÃ©nilmontant,Private room in a house,1 bedroom,1,Wifi Â· Kitchen Â· Heating,56,https://www.airbnb.com/rooms/3715120?check_in=2022-04-01&check_out=2022-04-14&previous_page_section_name=1000&federated_search_id=e46a180a-d737-4a0c-94d9-36b59d5aceea
40,Entire rental unit in XVI Arrondissement,Exceptional setting Private way sun and greenery,1 bedroom,4,Wifi Â· Kitchen Â· Washer Â· Heating,124,https://www.airbnb.com/rooms/11140148?check_in=2022-04-01&check_out=2022-04-14&previous_page_section_name=1000&federated_search_id=59e577e8-e802-4095-a878-b884706650af
41,Entire condominium (condo) in XV Arrondissement,"Charming and quiet, Porte de Versailles",1 bedroom,2,Kitchen Â· Washer Â· Heating,83,https://www.airbnb.com/rooms/566449736583786053?check_in=2022-04-01&check_out=2022-04-14&previous_page_section_name=1000&federated_search_id=59e577e8-e802-4095-a878-b884706650af
42,Entire rental unit in AsniÃ¨res-sur-Seine,A 7 mn de Paris Gare St Lazare (centre de Paris),1 bedroom,2,Wifi Â· Kitchen Â· Heating,66,https://www.airbnb.com/rooms/53967727?check_in=2022-04-01&check_out=2022-04-14&previous_page_section_name=1000&federated_search_id=59e577e8-e802-4095-a878-b884706650af
43,Entire rental unit in XIX Arrondissement,Two-room apartment peaces with view,1 bedroom,2,Wifi Â· Kitchen Â· Washer Â· Heating,86,https://www.airbnb.com/rooms/16476740?check_in=2022-04-01&check_out=2022-04-14&previous_page_section_name=1000&federated_search_id=59e577e8-e802-4095-a878-b884706650af
44,Entire loft in IV Arrondissement,Studio Marais - cosy arty studio,Studio,2,Wifi Â· Kitchen Â· Washer Â· Heating,94,https://www.airbnb.com/rooms/48634752?check_in=2022-04-01&check_out=2022-04-14&previous_page_section_name=1000&federated_search_id=59e577e8-e802-4095-a878-b884706650af
45,Entire rental unit in Villejuif,Luxurious large bright flexible studio near Paris,1 bedroom,2,Wifi Â· Kitchen Â· Heating,51,https://www.airbnb.com/rooms/47336931?check_in=2022-04-01&check_out=2022-04-14&previous_page_section_name=1000&federated_search_id=59e577e8-e802-4095-a878-b884706650af
46,Entire rental unit in XX Arrondissement,logy,2 bedrooms,2,Wifi Â· Kitchen Â· Washer Â· Heating,107,https://www.airbnb.com/rooms/21807058?check_in=2022-04-01&check_out=2022-04-14&previous_page_section_name=1000&federated_search_id=59e577e8-e802-4095-a878-b884706650af
47,Entire rental unit in XVI Arrondissement,30mÂ² confort avec wifi et vue sur la Tour Eiffel,1 bedroom,2,Wifi Â· Kitchen Â· Washer Â· Heating,104,https://www.airbnb.com/rooms/572267703125263932?check_in=2022-04-01&check_out=2022-04-14&previous_page_section_name=1000&federated_search_id=59e577e8-e802-4095-a878-b884706650af
48,Entire condominium (condo) in Le Blanc-Mesnil,LE BLANC MESNIL PARC DES EXPOSITIONS bat e JARDIN,1 bedroom,2,Wifi Â· Kitchen Â· Washer Â· Heating,40,https://www.airbnb.com/rooms/32380066?check_in=2022-04-01&check_out=2022-04-14&previous_page_section_name=1000&federated_search_id=59e577e8-e802-4095-a878-b884706650af
49,Entire rental unit in Vincennes,Apartment 2 rooms 2/4 people,1 bedroom,4,Wifi Â· Kitchen Â· Washer Â· Heating,122,https://www.airbnb.com/rooms/6484143?check_in=2022-04-01&check_out=2022-04-14&previous_page_section_name=1000&federated_search_id=59e577e8-e802-4095-a878-b884706650af
50,Entire rental unit in XIII Arrondissement,La Colony // Cozy - Terrace - Butte aux Quailles,Studio,2,Wifi Â· Kitchen Â· Washer Â· Heating,133,https://www.airbnb.com/rooms/52785628?check_in=2022-04-01&check_out=2022-04-14&previous_page_section_name=1000&federated_search_id=59e577e8-e802-4095-a878-b884706650af
51,Private room in Bobigny,Beautiful apartment by the Canal de lâ€™Ourcq,1 bedroom,2,Wifi Â· Kitchen Â· Washer Â· Heating,43,https://www.airbnb.com/rooms/574448579646528787?check_in=2022-04-01&check_out=2022-04-14&previous_page_section_name=1000&federated_search_id=59e577e8-e802-4095-a878-b884706650af
52,Entire rental unit in XVI Arrondissement,DESIGN 2BR EIFFEL TOWER VIEW 30m,2 bedrooms,2,Wifi Â· Kitchen Â· Washer Â· Heating,156,https://www.airbnb.com/rooms/1592277?check_in=2022-04-01&check_out=2022-04-14&previous_page_section_name=1000&federated_search_id=59e577e8-e802-4095-a878-b884706650af
53,Entire rental unit in RÃ©publique,Beautiful apartment- 4P- Marais / Montorgueil,1 bedroom,4,Hosted by a business Â· Wifi Â· Kitchen Â· Washer,236,https://www.airbnb.com/rooms/575114009814957859?check_in=2022-04-01&check_out=2022-04-14&previous_page_section_name=1000&federated_search_id=59e577e8-e802-4095-a878-b884706650af
54,Entire loft in Porte de Versailles,B0. Mini Loft Ã  Paris - Convention,1 bedroom,2,Wifi Â· Kitchen Â· Heating,178,https://www.airbnb.com/rooms/41388504?check_in=2022-04-01&check_out=2022-04-14&previous_page_section_name=1000&federated_search_id=59e577e8-e802-4095-a878-b884706650af
55,Private room in XIV Arrondissement,Chambre privÃ©e montrouge with garden,1 bedroom,2,Wifi Â· Kitchen Â· Washer Â· Heating,56,https://www.airbnb.com/rooms/46459694?check_in=2022-04-01&check_out=2022-04-14&previous_page_section_name=1000&federated_search_id=59e577e8-e802-4095-a878-b884706650af
56,Private room in XVIII Arrondissement,Only for one girl,1 bedroom,1,Wifi Â· Kitchen Â· Washer Â· Heating,41,https://www.airbnb.com/rooms/24943527?check_in=2022-04-01&check_out=2022-04-14&previous_page_section_name=1000&federated_search_id=59e577e8-e802-4095-a878-b884706650af
57,Entire rental unit in Aubervilliers,Studio 5 minutes from Paris (residential street),Studio,2,Wifi Â· Kitchen Â· Washer Â· Heating,48,https://www.airbnb.com/rooms/44361306?check_in=2022-04-01&check_out=2022-04-14&previous_page_section_name=1000&federated_search_id=59e577e8-e802-4095-a878-b884706650af
58,Entire condominium (condo) in Commerce - Dupleix,Room & Breakfast - Proche Tour Eiffel,1 bedroom,1,Wifi Â· Kitchen Â· Washer Â· Heating,89,https://www.airbnb.com/rooms/53490605?check_in=2022-04-01&check_out=2022-04-14&previous_page_section_name=1000&federated_search_id=59e577e8-e802-4095-a878-b884706650af
59,Entire rental unit in Batignolles,Edgar Suites Levallois â€“ Jules Verne-4Pax balcony,1 bedroom,4,Wifi Â· Kitchen Â· Washer Â· Heating,191,https://www.airbnb.com/rooms/50837669?check_in=2022-04-01&check_out=2022-04-14&previous_page_section_name=1000&federated_search_id=59e577e8-e802-4095-a878-b884706650af
60,Entire rental unit in Aubervilliers,Studio 5 minutes from Paris (residential street),Studio,2,Wifi Â· Kitchen Â· Washer Â· Heating,48,https://www.airbnb.com/rooms/44361306?check_in=2022-04-01&check_out=2022-04-14&previous_page_section_name=1000&federated_search_id=1f8a86a1-9359-468d-92c8-b2e31a0ffe24
61,Entire condominium (condo) in Commerce - Dupleix,Room & Breakfast - Proche Tour Eiffel,1 bedroom,1,Wifi Â· Kitchen Â· Washer Â· Heating,89,https://www.airbnb.com/rooms/53490605?check_in=2022-04-01&check_out=2022-04-14&previous_page_section_name=1000&federated_search_id=1f8a86a1-9359-468d-92c8-b2e31a0ffe24
62,Entire rental unit in XVIII Arrondissement,Bright and nice parisian flat,1 bedroom,2,Wifi Â· Kitchen Â· Washer Â· Heating,180,https://www.airbnb.com/rooms/4434178?check_in=2022-04-01&check_out=2022-04-14&previous_page_section_name=1000&federated_search_id=1f8a86a1-9359-468d-92c8-b2e31a0ffe24
63,Entire rental unit in Commerce - Dupleix,Studio - Brunehaut Paris 15,Studio,2,Wifi Â· Kitchen Â· Heating,110,https://www.airbnb.com/rooms/36448976?check_in=2022-04-01&check_out=2022-04-14&previous_page_section_name=1000&federated_search_id=1f8a86a1-9359-468d-92c8-b2e31a0ffe24
64,Private room in XIV Arrondissement,"Room ""1"" in Montrouge ""Paris Sud"" at the foot of the subway",1 bedroom,1,Wifi Â· Kitchen Â· Washer Â· Heating,52,https://www.airbnb.com/rooms/48348771?check_in=2022-04-01&check_out=2022-04-14&previous_page_section_name=1000&federated_search_id=1f8a86a1-9359-468d-92c8-b2e31a0ffe24
65,Entire rental unit in Villejuif,*The Blue Owl * Gustave Roussy/Brousse,1 bedroom,2,Wifi Â· Kitchen Â· Washer Â· Heating,66,https://www.airbnb.com/rooms/43124883?check_in=2022-04-01&check_out=2022-04-14&previous_page_section_name=1000&federated_search_id=1f8a86a1-9359-468d-92c8-b2e31a0ffe24
66,Entire rental unit in Aulnay-sous-Bois,Small Studio City â˜… Centre â˜… RER B 5mn,Studio,2,Wifi Â· Kitchen Â· Heating,55,https://www.airbnb.com/rooms/50581233?check_in=2022-04-01&check_out=2022-04-14&previous_page_section_name=1000&federated_search_id=1f8a86a1-9359-468d-92c8-b2e31a0ffe24
67,Entire rental unit in XIII Arrondissement,Beautiful Break in Paris Gentilly,1 bedroom,2,Wifi Â· Kitchen Â· Washer Â· Heating,76,https://www.airbnb.com/rooms/53879609?check_in=2022-04-01&check_out=2022-04-14&previous_page_section_name=1000&federated_search_id=1f8a86a1-9359-468d-92c8-b2e31a0ffe24
68,Entire rental unit in Villejuif,Luxurious accommodation 5mn from Paris ideal teleworking,Studio,2,Wifi Â· Kitchen Â· Washer Â· Heating,63,https://www.airbnb.com/rooms/22748578?check_in=2022-04-01&check_out=2022-04-14&previous_page_section_name=1000&federated_search_id=1f8a86a1-9359-468d-92c8-b2e31a0ffe24
69,Entire rental unit in Argenteuil,Beautiful renovated independent duplex,1 bedroom,2,Wifi Â· Kitchen Â· Washer Â· Heating,52,https://www.airbnb.com/rooms/53975852?check_in=2022-04-01&check_out=2022-04-14&previous_page_section_name=1000&federated_search_id=1f8a86a1-9359-468d-92c8-b2e31a0ffe24
70,Entire residential home in Fontenay-sous-Bois,studio apartment with independent entrance on small garden,1 bedroom,2,Wifi Â· Kitchen Â· Heating,46,https://www.airbnb.com/rooms/25343467?check_in=2022-04-01&check_out=2022-04-14&previous_page_section_name=1000&federated_search_id=1f8a86a1-9359-468d-92c8-b2e31a0ffe24
71,Entire rental unit in XIX Arrondissement,Nice apartment Haussmanien near ButtesChaumont,1 bedroom,2,Kitchen Â· Washer Â· Heating,108,https://www.airbnb.com/rooms/49411518?check_in=2022-04-01&check_out=2022-04-14&previous_page_section_name=1000&federated_search_id=1f8a86a1-9359-468d-92c8-b2e31a0ffe24
72,Entire rental unit in Boulogne-Billancourt,Cozy two-piece in the heart of the city,1 bedroom,2,Wifi Â· Kitchen Â· Washer Â· Heating,114,https://www.airbnb.com/rooms/6345025?check_in=2022-04-01&check_out=2022-04-14&previous_page_section_name=1000&federated_search_id=1f8a86a1-9359-468d-92c8-b2e31a0ffe24
73,Private room in XVI Arrondissement,Superbe studio: cosy studio 16 eme,1 bedroom,2,Wifi Â· Kitchen Â· Heating,97,https://www.airbnb.com/rooms/557880050847195726?check_in=2022-04-01&check_out=2022-04-14&previous_page_section_name=1000&federated_search_id=1f8a86a1-9359-468d-92c8-b2e31a0ffe24
74,Entire rental unit in XIV Arrondissement,4th floor apartment 8 minutes from Gare Montparnasse,1 bedroom,2,Wifi Â· Kitchen Â· Washer Â· Heating,127,https://www.airbnb.com/rooms/562916275161448018?check_in=2022-04-01&check_out=2022-04-14&previous_page_section_name=1000&federated_search_id=1f8a86a1-9359-468d-92c8-b2e31a0ffe24
75,Entire rental unit in XI Arrondissement,Beautiful Studio in Belleville/Oberkampf,Studio,2,Wifi Â· Kitchen Â· Washer Â· Heating,124,https://www.airbnb.com/rooms/37069600?check_in=2022-04-01&check_out=2022-04-14&previous_page_section_name=1000&federated_search_id=1f8a86a1-9359-468d-92c8-b2e31a0ffe24
76,Room in boutique hotel in VIII Arrondissement,Sonder Atala Champs-Ã‰lysÃ©es | Queen Room,1 bedroom,2,Wifi Â· Heating,145,https://www.airbnb.com/rooms/51426246?check_in=2022-04-01&check_out=2022-04-14&previous_page_section_name=1000&federated_search_id=1f8a86a1-9359-468d-92c8-b2e31a0ffe24
77,Private room in XI Arrondissement,A night or two in Bastille ?,1 bedroom,1,Wifi Â· Kitchen Â· Washer Â· Heating,71,https://www.airbnb.com/rooms/3195179?check_in=2022-04-01&check_out=2022-04-14&previous_page_section_name=1000&federated_search_id=1f8a86a1-9359-468d-92c8-b2e31a0ffe24
78,Entire rental unit in RÃ©publique,Design studio apartment in the Marais,Studio,2,Wifi Â· Kitchen Â· Heating,127,https://www.airbnb.com/rooms/39308615?check_in=2022-04-01&check_out=2022-04-14&previous_page_section_name=1000&federated_search_id=1f8a86a1-9359-468d-92c8-b2e31a0ffe24
79,Entire rental unit in Ternes,Appartement Douillet/Cosy Sous Les Toits de Paris,1 bedroom,3,Wifi Â· Kitchen Â· Washer Â· Heating,115,https://www.airbnb.com/rooms/5130853?check_in=2022-04-01&check_out=2022-04-14&previous_page_section_name=1000&federated_search_id=1f8a86a1-9359-468d-92c8-b2e31a0ffe24
80,Tiny house in Aulnay-sous-Bois,Cozy independent studio,Studio,2,Wifi Â· Kitchen Â· Washer Â· Heating,41,https://www.airbnb.com/rooms/30249947?check_in=2022-04-01&check_out=2022-04-14&previous_page_section_name=1000&federated_search_id=c7eed951-d40c-4959-967c-8571c7c12cf6
81,Entire rental unit in X Arrondissement,2-room apartment Canal Saint-Martin,1 bedroom,3,Wifi Â· Kitchen,113,https://www.airbnb.com/rooms/577505941972840067?check_in=2022-04-01&check_out=2022-04-14&previous_page_section_name=1000&federated_search_id=c7eed951-d40c-4959-967c-8571c7c12cf6
82,Entire rental unit in XVII Arrondissement,Cosy studio III - Batignolles / Pigalle,Studio,2,Hosted by a business Â· Wifi Â· Kitchen Â· Heating,137,https://www.airbnb.com/rooms/47902882?check_in=2022-04-01&check_out=2022-04-14&previous_page_section_name=1000&federated_search_id=c7eed951-d40c-4959-967c-8571c7c12cf6
83,Entire vacation home in XVII Arrondissement,CASAMONACO PARIS ROMANTIC STUDIO ON THE ROOFS,1 bedroom,1,1 guest Â· 1 bedroom Â· 2 beds Â· 1 bath,82,https://www.airbnb.com/rooms/53468250?check_in=2022-04-01&check_out=2022-04-14&previous_page_section_name=1000&federated_search_id=c7eed951-d40c-4959-967c-8571c7c12cf6
84,Entire condominium (condo) in X Arrondissement,Magnificent apartment perched on the rooftop of Paris,1 bedroom,2,Wifi Â· Kitchen Â· Washer Â· Heating,182,https://www.airbnb.com/rooms/37706504?check_in=2022-04-01&check_out=2022-04-14&previous_page_section_name=1000&federated_search_id=c7eed951-d40c-4959-967c-8571c7c12cf6
85,Private room in X Arrondissement,Cosy apartment Paris centre,2 bedrooms,1,Wifi,63,https://www.airbnb.com/rooms/570061347732950604?check_in=2022-04-01&check_out=2022-04-14&previous_page_section_name=1000&federated_search_id=c7eed951-d40c-4959-967c-8571c7c12cf6
86,Entire rental unit in Montmartre,S18943 - Studio 2 pax in Paris,Studio,2,Wifi Â· Kitchen Â· Heating,123,https://www.airbnb.com/rooms/54336829?check_in=2022-04-01&check_out=2022-04-14&previous_page_section_name=1000&federated_search_id=c7eed951-d40c-4959-967c-8571c7c12cf6
87,Entire rental unit in Nation,"New and Cosy in heart of Paris, 12e, 4pers",1 bedroom,4,Wifi Â· Kitchen Â· Washer Â· Heating,149,https://www.airbnb.com/rooms/47792565?check_in=2022-04-01&check_out=2022-04-14&previous_page_section_name=1000&federated_search_id=c7eed951-d40c-4959-967c-8571c7c12cf6
88,Entire rental unit in Pantin,10 min from Paris : bright and warm studio,Studio,2,Wifi Â· Kitchen Â· Heating,77,https://www.airbnb.com/rooms/52438373?check_in=2022-04-01&check_out=2022-04-14&previous_page_section_name=1000&federated_search_id=c7eed951-d40c-4959-967c-8571c7c12cf6
89,Entire rental unit in Vincennes,Home-Sweet-Home,1 bedroom,2,Wifi Â· Kitchen Â· Washer Â· Heating,118,https://www.airbnb.com/rooms/31467451?check_in=2022-04-01&check_out=2022-04-14&previous_page_section_name=1000&federated_search_id=c7eed951-d40c-4959-967c-8571c7c12cf6
90,Entire rental unit in Batignolles,Edgar Suites Levallois â€“ Jules Verne- 4 Pax,1 bedroom,4,Wifi Â· Kitchen Â· Washer Â· Heating,182,https://www.airbnb.com/rooms/50691301?check_in=2022-04-01&check_out=2022-04-14&previous_page_section_name=1000&federated_search_id=c7eed951-d40c-4959-967c-8571c7c12cf6
91,Entire serviced apartment in IX Arrondissement,Loft in the center of paris.,Studio,4,Wifi Â· Kitchen Â· Heating,191,https://www.airbnb.com/rooms/571092260351638526?check_in=2022-04-01&check_out=2022-04-14&previous_page_section_name=1000&federated_search_id=c7eed951-d40c-4959-967c-8571c7c12cf6
92,Entire rental unit in XVI Arrondissement,Cosy & Charming Studio - Paris (short & long stay),Studio,1,Wifi Â· Kitchen Â· Heating,113,https://www.airbnb.com/rooms/48181824?check_in=2022-04-01&check_out=2022-04-14&previous_page_section_name=1000&federated_search_id=c7eed951-d40c-4959-967c-8571c7c12cf6
93,Entire rental unit in Saint-Germain-des-PrÃ©s - OdÃ©on,Luxury Studio in Heart of Saint Germain Des Pres,1 bedroom,2,Wifi Â· Kitchen,156,https://www.airbnb.com/rooms/53736250?check_in=2022-04-01&check_out=2022-04-14&previous_page_section_name=1000&federated_search_id=c7eed951-d40c-4959-967c-8571c7c12cf6
94,Entire rental unit in Le Marais,Cosy studio - Le Marais/RÃ©publique,Studio,2,Hosted by a business Â· Wifi Â· Kitchen Â· Heating,154,https://www.airbnb.com/rooms/35249994?check_in=2022-04-01&check_out=2022-04-14&previous_page_section_name=1000&federated_search_id=c7eed951-d40c-4959-967c-8571c7c12cf6
95,Entire rental unit in Invalides - Ecole Militaire,"Bon MarchÃ©,1Br/1BA, 2 people",1 bedroom,2,Wifi Â· Kitchen Â· Washer,193,https://www.airbnb.com/rooms/52363682?check_in=2022-04-01&check_out=2022-04-14&previous_page_section_name=1000&federated_search_id=c7eed951-d40c-4959-967c-8571c7c12cf6
96,Entire rental unit in La Villette,Appt CHARMANT avec BALCON proche LA VILLETTE,2 bedrooms,5,Wifi Â· Kitchen Â· Washer Â· Heating,204,https://www.airbnb.com/rooms/53224259?check_in=2022-04-01&check_out=2022-04-14&previous_page_section_name=1000&federated_search_id=c7eed951-d40c-4959-967c-8571c7c12cf6
97,Private room in X Arrondissement,Chez PiergiÃ³,1 bedroom,2,Kitchen Â· Washer Â· Heating,98,https://www.airbnb.com/rooms/53469141?check_in=2022-04-01&check_out=2022-04-14&previous_page_section_name=1000&federated_search_id=c7eed951-d40c-4959-967c-8571c7c12cf6
98,Entire rental unit in XVI Arrondissement,Studio Premium- Tour Eiffel- 5,Studio,2,Hosted by a business Â· Wifi Â· Heating,197,https://www.airbnb.com/rooms/36412121?check_in=2022-04-01&check_out=2022-04-14&previous_page_section_name=1000&federated_search_id=c7eed951-d40c-4959-967c-8571c7c12cf6
99,Entire rental unit in XII Arrondissement,Cozy Studio 4P - Place de la Bastille/St Antoine1GG,Studio,4,Hosted by a business Â· Wifi Â· Kitchen Â· Heating,154,https://www.airbnb.com/rooms/54316723?check_in=2022-04-01&check_out=2022-04-14&previous_page_section_name=1000&federated_search_id=c7eed951-d40c-4959-967c-8571c7c12cf6
100,Entire rental unit in XVI Arrondissement,Studio Premium- Tour Eiffel- 5,Studio,2,Hosted by a business Â· Wifi Â· Heating,197,https://www.airbnb.com/rooms/36412121?check_in=2022-04-01&check_out=2022-04-14&previous_page_section_name=1000&federated_search_id=623440ee-652d-4175-a797-b71147eb2def
101,Entire rental unit in XII Arrondissement,Cozy Studio 4P - Place de la Bastille/St Antoine1GG,Studio,4,Hosted by a business Â· Wifi Â· Kitchen Â· Heating,154,https://www.airbnb.com/rooms/54316723?check_in=2022-04-01&check_out=2022-04-14&previous_page_section_name=1000&federated_search_id=623440ee-652d-4175-a797-b71147eb2def
102,Entire rental unit in II Arrondissement,Sweet Inn | Designed Apt. in the II arrondissement,1 bedroom,3,Wifi Â· Kitchen Â· Heating,285,https://www.airbnb.com/rooms/19813926?check_in=2022-04-01&check_out=2022-04-14&previous_page_section_name=1000&federated_search_id=623440ee-652d-4175-a797-b71147eb2def
103,Entire rental unit in Buttes-Chaumont - Belleville,Exceptional in Paris,1 bedroom,2,Wifi Â· Kitchen Â· Washer Â· Heating,226,https://www.airbnb.com/rooms/47728322?check_in=2022-04-01&check_out=2022-04-14&previous_page_section_name=1000&federated_search_id=623440ee-652d-4175-a797-b71147eb2def
104,Entire rental unit in XVIII Arrondissement,Paris : superb duplex at the foot of Montmartre,1 bedroom,2,Wifi Â· Kitchen Â· Washer Â· Heating,142,https://www.airbnb.com/rooms/52045548?check_in=2022-04-01&check_out=2022-04-14&previous_page_section_name=1000&federated_search_id=623440ee-652d-4175-a797-b71147eb2def
105,Entire rental unit in Buttes-Chaumont - Belleville,Le Cocon,Studio,2,Wifi Â· Kitchen Â· Washer Â· Heating,84,https://www.airbnb.com/rooms/546718156094298051?check_in=2022-04-01&check_out=2022-04-14&previous_page_section_name=1000&federated_search_id=623440ee-652d-4175-a797-b71147eb2def
106,Entire rental unit in XVII Arrondissement,Batignolles: Cozy Studio 2P,1 bedroom,2,Wifi Â· Kitchen Â· Washer Â· Heating,117,https://www.airbnb.com/rooms/564313376756524245?check_in=2022-04-01&check_out=2022-04-14&previous_page_section_name=1000&federated_search_id=623440ee-652d-4175-a797-b71147eb2def
107,Private room in PÃ¨re Lachaise - MÃ©nilmontant,Pretty room in Paris,1 bedroom,2,Wifi Â· Kitchen Â· Washer,56,https://www.airbnb.com/rooms/579766549180352904?check_in=2022-04-01&check_out=2022-04-14&previous_page_section_name=1000&federated_search_id=623440ee-652d-4175-a797-b71147eb2def
108,Boutique hotel in Paris,citizenM Paris Gare de Lyon,338 total rooms on property,2,Wifi Â· Heating,139,https://www.airbnb.com/hotels/46249993?check_in=2022-04-01&check_out=2022-04-14&previous_page_section_name=1000&federated_search_id=623440ee-652d-4175-a797-b71147eb2def
109,Private room in Nation,Petite chambre au calme avec sa salle de bain WC,1 bedroom,2,Wifi Â· Kitchen Â· Washer,74,https://www.airbnb.com/rooms/38545248?check_in=2022-04-01&check_out=2022-04-14&previous_page_section_name=1000&federated_search_id=623440ee-652d-4175-a797-b71147eb2def
110,Entire condominium (condo) in XIV Arrondissement,Cosy apartment at 5mn from the Montparnasse tower,1 bedroom,3,Wifi Â· Kitchen Â· Washer,122,https://www.airbnb.com/rooms/50187173?check_in=2022-04-01&check_out=2022-04-14&previous_page_section_name=1000&federated_search_id=623440ee-652d-4175-a797-b71147eb2def
111,Entire condominium (condo) in Le Raincy,Cozy 2 room city center 1 minute from the train station,1 bedroom,4,Wifi Â· Kitchen Â· Washer Â· Heating,83,https://www.airbnb.com/rooms/42340663?check_in=2022-04-01&check_out=2022-04-14&previous_page_section_name=1000&federated_search_id=623440ee-652d-4175-a797-b71147eb2def
112,Entire rental unit in XVI Arrondissement,VR-ready 2 room apartment in Paris for 4 people,2 bedrooms,4,Wifi Â· Kitchen Â· Washer Â· Heating,159,https://www.airbnb.com/rooms/40619675?check_in=2022-04-01&check_out=2022-04-14&previous_page_section_name=1000&federated_search_id=623440ee-652d-4175-a797-b71147eb2def
113,Entire rental unit in AlÃ©sia,"Studio 23m2,45â‚¬/nuit,11mnapied PARIS",1 bedroom,3,Wifi Â· Kitchen Â· Heating,59,https://www.airbnb.com/rooms/41266539?check_in=2022-04-01&check_out=2022-04-14&previous_page_section_name=1000&federated_search_id=623440ee-652d-4175-a797-b71147eb2def
114,Private room in XVIII Arrondissement,Girl only,1 bedroom,1,Wifi Â· Kitchen Â· Washer Â· Heating,40,https://www.airbnb.com/rooms/25231590?check_in=2022-04-01&check_out=2022-04-14&previous_page_section_name=1000&federated_search_id=623440ee-652d-4175-a797-b71147eb2def
115,Room in boutique hotel in IX Arrondissement,The Parisian Adventure near the Moulin Rouge,1 bedroom,2,Wifi Â· Kitchen Â· Washer Â· Heating,138,https://www.airbnb.com/rooms/26150465?check_in=2022-04-01&check_out=2022-04-14&previous_page_section_name=1000&federated_search_id=623440ee-652d-4175-a797-b71147eb2def
116,Entire rental unit in IV Arrondissement,Top floor - view Notre Dame & Hotel de Ville,1 bedroom,2,Wifi Â· Kitchen Â· Washer Â· Heating,448,https://www.airbnb.com/rooms/18607151?check_in=2022-04-01&check_out=2022-04-14&previous_page_section_name=1000&federated_search_id=623440ee-652d-4175-a797-b71147eb2def
117,Tiny house in Aulnay-sous-Bois,Cozy independent studio,Studio,2,Wifi Â· Kitchen Â· Washer Â· Heating,41,https://www.airbnb.com/rooms/30249947?check_in=2022-04-01&check_out=2022-04-14&previous_page_section_name=1000&federated_search_id=623440ee-652d-4175-a797-b71147eb2def
118,Entire residential home in Ivry-sur-Seine,Home with garden 50m from the metro,2 bedrooms,5,Wifi Â· Kitchen Â· Heating,155,https://www.airbnb.com/rooms/35328933?check_in=2022-04-01&check_out=2022-04-14&previous_page_section_name=1000&federated_search_id=623440ee-652d-4175-a797-b71147eb2def
119,Entire apartment in Nanterre,Modern studio near La DÃ©fense district,Studio,2,Wifi Â· Heating,62,https://www.airbnb.com/rooms/50295695?check_in=2022-04-01&check_out=2022-04-14&previous_page_section_name=1000&federated_search_id=623440ee-652d-4175-a797-b71147eb2def
120,Entire condominium (condo) in Tour Eiffel - Champ de Mars,Amazing apartment near Eiffel Tower,1 bedroom,2,Wifi Â· Kitchen Â· Washer Â· Heating,348,https://www.airbnb.com/rooms/38517692?check_in=2022-04-01&check_out=2022-04-14&previous_page_section_name=1000&federated_search_id=400b60f4-9ec9-4ada-b4b9-333f8ea129a9
121,Private room in XVIII Arrondissement,"10 min. walk Montmartre, intimate room, balcony",1 bedroom,1,Wifi Â· Kitchen Â· Washer Â· Heating,55,https://www.airbnb.com/rooms/563491572054553941?check_in=2022-04-01&check_out=2022-04-14&previous_page_section_name=1000&federated_search_id=400b60f4-9ec9-4ada-b4b9-333f8ea129a9
122,Entire rental unit in XVI Arrondissement,APART -ChampsELYSEES & EIFFELTOWER,1 bedroom,4,Wifi Â· Kitchen Â· Washer Â· Heating,221,https://www.airbnb.com/rooms/4518417?check_in=2022-04-01&check_out=2022-04-14&previous_page_section_name=1000&federated_search_id=400b60f4-9ec9-4ada-b4b9-333f8ea129a9
123,Entire rental unit in II Arrondissement,Beautiful 2 rooms in the heart of Paris.,1 bedroom,2,Wifi Â· Kitchen Â· Heating,221,https://www.airbnb.com/rooms/33037348?check_in=2022-04-01&check_out=2022-04-14&previous_page_section_name=1000&federated_search_id=400b60f4-9ec9-4ada-b4b9-333f8ea129a9
124,Entire rental unit in Nation,65mÂ² _ Bel Air 12th _ modern & large_terrace,1 bedroom,2,Wifi Â· Kitchen Â· Washer Â· Heating,161,https://www.airbnb.com/rooms/13517622?check_in=2022-04-01&check_out=2022-04-14&previous_page_section_name=1000&federated_search_id=400b60f4-9ec9-4ada-b4b9-333f8ea129a9
125,Entire rental unit in Vincennes,Cosy 2 Bedroom Apartment 2/4 People Vincennes,1 bedroom,4,Wifi Â· Kitchen Â· Washer Â· Heating,126,https://www.airbnb.com/rooms/46008178?check_in=2022-04-01&check_out=2022-04-14&previous_page_section_name=1000&federated_search_id=400b60f4-9ec9-4ada-b4b9-333f8ea129a9
126,Entire rental unit in XIII Arrondissement,Cosy Nest Near Jardin des Plantes,1 bedroom,2,Hosted by a business Â· Wifi Â· Kitchen Â· Washer,174,https://www.airbnb.com/rooms/52807563?check_in=2022-04-01&check_out=2022-04-14&previous_page_section_name=1000&federated_search_id=400b60f4-9ec9-4ada-b4b9-333f8ea129a9
127,Entire condominium (condo) in XV Arrondissement,Beautiful luxury condominium + Parking,1 bedroom,4,Kitchen Â· Washer Â· Heating,124,https://www.airbnb.com/rooms/556406437620538497?check_in=2022-04-01&check_out=2022-04-14&previous_page_section_name=1000&federated_search_id=400b60f4-9ec9-4ada-b4b9-333f8ea129a9
128,Entire condominium (condo) in Bourg-la-Reine,Bourg-la-Reine: stunning apartment near Paris,Studio,2,Wifi Â· Kitchen Â· Washer Â· Heating,62,https://www.airbnb.com/rooms/53551035?check_in=2022-04-01&check_out=2022-04-14&previous_page_section_name=1000&federated_search_id=400b60f4-9ec9-4ada-b4b9-333f8ea129a9
129,Entire condominium (condo) in XIII Arrondissement,Fully equipped studio on the outskirts of Paris,Studio,1,Wifi Â· Kitchen Â· Washer Â· Heating,61,https://www.airbnb.com/rooms/53624999?check_in=2022-04-01&check_out=2022-04-14&previous_page_section_name=1000&federated_search_id=400b60f4-9ec9-4ada-b4b9-333f8ea129a9
130,Entire rental unit in Commerce - Dupleix,"Large refurbished studio near Eiffel Tower, Paris",Studio,2,Wifi Â· Kitchen Â· Washer Â· Heating,174,https://www.airbnb.com/rooms/46349633?check_in=2022-04-01&check_out=2022-04-14&previous_page_section_name=1000&federated_search_id=400b60f4-9ec9-4ada-b4b9-333f8ea129a9
131,Private room in XIII Arrondissement,Comfortable and Quiet Private Room in PARIS.,1 bedroom,2,Wifi Â· Kitchen Â· Washer Â· Heating,44,https://www.airbnb.com/rooms/9014044?check_in=2022-04-01&check_out=2022-04-14&previous_page_section_name=1000&federated_search_id=400b60f4-9ec9-4ada-b4b9-333f8ea129a9
132,Entire rental unit in XIV Arrondissement,Studio 10minutes from Montparnasse Paris,1 bedroom,2,Wifi Â· Kitchen Â· Heating,64,https://www.airbnb.com/rooms/14219818?check_in=2022-04-01&check_out=2022-04-14&previous_page_section_name=1000&federated_search_id=400b60f4-9ec9-4ada-b4b9-333f8ea129a9
133,Entire rental unit in Vincennes,1020-TOP Studio 20m2 renovates RER VINCENNES,1 bedroom,2,Hosted by a business Â· Wifi Â· Kitchen Â· Heating,71,https://www.airbnb.com/rooms/38835984?check_in=2022-04-01&check_out=2022-04-14&previous_page_section_name=1000&federated_search_id=400b60f4-9ec9-4ada-b4b9-333f8ea129a9
134,Entire residential home in Saint-Maurice,La Tourelle du Manoir,1 bedroom,4,Wifi Â· Kitchen Â· Heating,134,https://www.airbnb.com/rooms/24999185?check_in=2022-04-01&check_out=2022-04-14&previous_page_section_name=1000&federated_search_id=400b60f4-9ec9-4ada-b4b9-333f8ea129a9
135,Entire condominium (condo) in Montreuil,"Studio ""Chez EugÃ¨ne""",Studio,2,Hosted by a business Â· Wifi Â· Kitchen Â· Washer,56,https://www.airbnb.com/rooms/46764091?check_in=2022-04-01&check_out=2022-04-14&previous_page_section_name=1000&federated_search_id=400b60f4-9ec9-4ada-b4b9-333f8ea129a9
136,Entire rental unit in XIV Arrondissement,Bright studio of 30 m2 7 mm from Paris,1 bedroom,2,Wifi Â· Kitchen Â· Washer Â· Heating,97,https://www.airbnb.com/rooms/43572015?check_in=2022-04-01&check_out=2022-04-14&previous_page_section_name=1000&federated_search_id=400b60f4-9ec9-4ada-b4b9-333f8ea129a9
137,Entire rental unit in VIII Arrondissement,Beautiful studio in Paris 8th,1 bedroom,2,Wifi Â· Kitchen Â· Heating,121,https://www.airbnb.com/rooms/53019022?check_in=2022-04-01&check_out=2022-04-14&previous_page_section_name=1000&federated_search_id=400b60f4-9ec9-4ada-b4b9-333f8ea129a9
138,Entire rental unit in II Arrondissement,AMAZING PARISIEN STUDIO NEXT TO LOUVRE AREA ! - 2,Studio,2,Wifi Â· Kitchen Â· Heating,266,https://www.airbnb.com/rooms/52752592?check_in=2022-04-01&check_out=2022-04-14&previous_page_section_name=1000&federated_search_id=400b60f4-9ec9-4ada-b4b9-333f8ea129a9
139,Entire rental unit in RÃ©publique,"Luxurious, Classic & Romantic Apartment in Marais",1 bedroom,4,Wifi Â· Kitchen Â· Washer Â· Heating,240,https://www.airbnb.com/rooms/25088200?check_in=2022-04-01&check_out=2022-04-14&previous_page_section_name=1000&federated_search_id=400b60f4-9ec9-4ada-b4b9-333f8ea129a9
140,Entire rental unit in Vincennes,Very nice studio 2 steps from ChÃ¢teau Vincennes,Studio,2,Wifi Â· Kitchen Â· Heating,100,https://www.airbnb.com/rooms/48181449?check_in=2022-04-01&check_out=2022-04-14&previous_page_section_name=1000&federated_search_id=25280801-c5ee-40e4-9fad-05218093e923
141,Private room in PÃ¨re Lachaise - MÃ©nilmontant,PÃ¨re Lachaise sleepo!,1 bedroom,1,1 guest Â· 1 bedroom Â· 1 bed Â· 1 shared bath,44,https://www.airbnb.com/rooms/576141320190039292?check_in=2022-04-01&check_out=2022-04-14&previous_page_section_name=1000&federated_search_id=25280801-c5ee-40e4-9fad-05218093e923
142,Entire rental unit in XVI Arrondissement,City of Art DÃ©co. Straight to MÃ©tro exit.,1 bedroom,2,Wifi Â· Kitchen Â· Washer Â· Heating,153,https://www.airbnb.com/rooms/673532?check_in=2022-04-01&check_out=2022-04-14&previous_page_section_name=1000&federated_search_id=25280801-c5ee-40e4-9fad-05218093e923
143,Private room in XIX Arrondissement,"Beautiful apartment, long-term rental possible.",1 bedroom,1,Wifi Â· Kitchen,46,https://www.airbnb.com/rooms/550712739831105822?check_in=2022-04-01&check_out=2022-04-14&previous_page_section_name=1000&federated_search_id=25280801-c5ee-40e4-9fad-05218093e923
144,Entire loft in XX Arrondissement,Nice and Quiet Apartment near Paris,1 bedroom,3,Wifi Â· Kitchen Â· Washer Â· Heating,106,https://www.airbnb.com/rooms/660763?check_in=2022-04-01&check_out=2022-04-14&previous_page_section_name=1000&federated_search_id=25280801-c5ee-40e4-9fad-05218093e923
145,Entire rental unit in XIII Arrondissement,Charming Parisian studio!,Studio,2,Wifi Â· Kitchen Â· Washer Â· Heating,62,https://www.airbnb.com/rooms/14220657?check_in=2022-04-01&check_out=2022-04-14&previous_page_section_name=1000&federated_search_id=25280801-c5ee-40e4-9fad-05218093e923
146,Entire rental unit in Porte de Versailles,Cosy Studio - Exhibition center /Eiffel Tower 6,Studio,2,Hosted by a business Â· Wifi Â· Kitchen Â· Heating,156,https://www.airbnb.com/rooms/50859477?check_in=2022-04-01&check_out=2022-04-14&previous_page_section_name=1000&federated_search_id=25280801-c5ee-40e4-9fad-05218093e923
147,Entire rental unit in XI Arrondissement,Nice apartment in Paris - NEW PLACE III,1 bedroom,2,Wifi Â· Kitchen Â· Heating,170,https://www.airbnb.com/rooms/572513981524039373?check_in=2022-04-01&check_out=2022-04-14&previous_page_section_name=1000&federated_search_id=25280801-c5ee-40e4-9fad-05218093e923
148,Entire rental unit in XVI Arrondissement,Charming apartment near Paris and Roland Garros,1 bedroom,4,Wifi Â· Kitchen Â· Washer Â· Heating,148,https://www.airbnb.com/rooms/28833671?check_in=2022-04-01&check_out=2022-04-14&previous_page_section_name=1000&federated_search_id=25280801-c5ee-40e4-9fad-05218093e923
149,Entire condominium (condo) in XIX Arrondissement,Beautiful studio,1 bedroom,2,Wifi Â· Kitchen Â· Washer Â· Heating,127,https://www.airbnb.com/rooms/569969851302527959?check_in=2022-04-01&check_out=2022-04-14&previous_page_section_name=1000&federated_search_id=25280801-c5ee-40e4-9fad-05218093e923
150,Entire rental unit in XVII Arrondissement,Edouard Vaillant/So Ouest: Charming Studio I,1 bedroom,2,Wifi Â· Kitchen Â· Heating,105,https://www.airbnb.com/rooms/567242118881674296?check_in=2022-04-01&check_out=2022-04-14&previous_page_section_name=1000&federated_search_id=25280801-c5ee-40e4-9fad-05218093e923
151,Entire rental unit in Nation,"Charming apartment, 40mÂ², 4th floor with elevator",1 bedroom,2,Wifi Â· Kitchen Â· Heating,121,https://www.airbnb.com/rooms/43583943?check_in=2022-04-01&check_out=2022-04-14&previous_page_section_name=1000&federated_search_id=25280801-c5ee-40e4-9fad-05218093e923
152,Entire rental unit in XV Arrondissement,T2 - Exhibition Center - 2 people - Paris 15-2,1 bedroom,2,Wifi Â· Kitchen Â· Washer,122,https://www.airbnb.com/rooms/43435768?check_in=2022-04-01&check_out=2022-04-14&previous_page_section_name=1000&federated_search_id=25280801-c5ee-40e4-9fad-05218093e923
153,Entire rental unit in La Villette,..sous les toits et prÃ¨s de l'eau,1 bedroom,2,Wifi Â· Kitchen Â· Washer Â· Heating,106,https://www.airbnb.com/rooms/557881822215690665?check_in=2022-04-01&check_out=2022-04-14&previous_page_section_name=1000&federated_search_id=25280801-c5ee-40e4-9fad-05218093e923
154,Entire rental unit in Porte de Versailles,B7. Fully equipped studio 25 m2 in Paris - Convention,1 bedroom,2,Wifi Â· Kitchen Â· Heating,138,https://www.airbnb.com/rooms/41389329?check_in=2022-04-01&check_out=2022-04-14&previous_page_section_name=1000&federated_search_id=25280801-c5ee-40e4-9fad-05218093e923
155,Entire rental unit in Batignolles,Edgar Suites Levallois - Jules Verne - Studio,1 bedroom,2,Wifi Â· Kitchen Â· Washer Â· Heating,126,https://www.airbnb.com/rooms/50841360?check_in=2022-04-01&check_out=2022-04-14&previous_page_section_name=1000&federated_search_id=25280801-c5ee-40e4-9fad-05218093e923
156,Entire rental unit in Colombes,Colombes : T2 ğŸšƒ 5 min from La Defense Paris,Studio,2,Wifi Â· Kitchen Â· Washer,56,https://www.airbnb.com/rooms/54001937?check_in=2022-04-01&check_out=2022-04-14&previous_page_section_name=1000&federated_search_id=25280801-c5ee-40e4-9fad-05218093e923
157,Entire rental unit in IV Arrondissement,Lovely flat between Paris City Hall and Saint-Paul,Studio,2,Wifi Â· Kitchen Â· Washer Â· Heating,228,https://www.airbnb.com/rooms/28632130?check_in=2022-04-01&check_out=2022-04-14&previous_page_section_name=1000&federated_search_id=25280801-c5ee-40e4-9fad-05218093e923
158,Entire rental unit in Aulnay-sous-Bois,Charme appart prÃ¨s de Paris& CDG&Parc d'exposition,1 bedroom,2,Wifi Â· Kitchen Â· Washer,61,https://www.airbnb.com/rooms/578093058403625639?check_in=2022-04-01&check_out=2022-04-14&previous_page_section_name=1000&federated_search_id=25280801-c5ee-40e4-9fad-05218093e923
159,Entire condominium (condo) in XVII Arrondissement,Mon Appartement Design Proche Paris,1 bedroom,2,Wifi Â· Kitchen Â· Washer Â· Heating,112,https://www.airbnb.com/rooms/53974916?check_in=2022-04-01&check_out=2022-04-14&previous_page_section_name=1000&federated_search_id=25280801-c5ee-40e4-9fad-05218093e923
160,Entire rental unit in Colombes,Colombes : T2 ğŸšƒ 5 min from La Defense Paris,Studio,2,Wifi Â· Kitchen Â· Washer,56,https://www.airbnb.com/rooms/54001937?check_in=2022-04-01&check_out=2022-04-14&previous_page_section_name=1000&federated_search_id=8f15a5e2-b0e4-44e7-9db8-5a9a4e1087af
161,Entire rental unit in IV Arrondissement,Lovely flat between Paris City Hall and Saint-Paul,Studio,2,Wifi Â· Kitchen Â· Washer Â· Heating,228,https://www.airbnb.com/rooms/28632130?check_in=2022-04-01&check_out=2022-04-14&previous_page_section_name=1000&federated_search_id=8f15a5e2-b0e4-44e7-9db8-5a9a4e1087af
162,Entire rental unit in Aulnay-sous-Bois,Charme appart prÃ¨s de Paris& CDG&Parc d'exposition,1 bedroom,2,Wifi Â· Kitchen Â· Washer,61,https://www.airbnb.com/rooms/578093058403625639?check_in=2022-04-01&check_out=2022-04-14&previous_page_section_name=1000&federated_search_id=8f15a5e2-b0e4-44e7-9db8-5a9a4e1087af
163,Entire condominium (condo) in XVII Arrondissement,Mon Appartement Design Proche Paris,1 bedroom,2,Wifi Â· Kitchen Â· Washer Â· Heating,112,https://www.airbnb.com/rooms/53974916?check_in=2022-04-01&check_out=2022-04-14&previous_page_section_name=1000&federated_search_id=8f15a5e2-b0e4-44e7-9db8-5a9a4e1087af
164,Entire rental unit in XVIII Arrondissement,Two Charming Coins in Montmartre,1 bedroom,2,Wifi Â· Heating,156,https://www.airbnb.com/rooms/47596671?check_in=2022-04-01&check_out=2022-04-14&previous_page_section_name=1000&federated_search_id=8f15a5e2-b0e4-44e7-9db8-5a9a4e1087af
165,Entire rental unit in XVI Arrondissement,Royal home,1 bedroom,1,Wifi Â· Kitchen Â· Washer Â· Heating,78,https://www.airbnb.com/rooms/52978557?check_in=2022-04-01&check_out=2022-04-14&previous_page_section_name=1000&federated_search_id=8f15a5e2-b0e4-44e7-9db8-5a9a4e1087af
166,Entire rental unit in XVII Arrondissement,"DREAM TONIC PARIS ""Les BATIGNOLLES""",Studio,2,Wifi Â· Kitchen Â· Heating,118,https://www.airbnb.com/rooms/15029805?check_in=2022-04-01&check_out=2022-04-14&previous_page_section_name=1000&federated_search_id=8f15a5e2-b0e4-44e7-9db8-5a9a4e1087af
167,Entire condominium (condo) in Bondy,"BEAUTIFUL, QUIET AND TRANQUIL APARTMENT.",1 bedroom,2,Wifi Â· Kitchen Â· Washer Â· Heating,53,https://www.airbnb.com/rooms/54320282?check_in=2022-04-01&check_out=2022-04-14&previous_page_section_name=1000&federated_search_id=8f15a5e2-b0e4-44e7-9db8-5a9a4e1087af
168,Entire condominium (condo) in La Villette,Recent apartment 53m2 on the banks of the canal de lourc.,1 bedroom,2,Wifi Â· Kitchen Â· Washer Â· Heating,87,https://www.airbnb.com/rooms/50220333?check_in=2022-04-01&check_out=2022-04-14&previous_page_section_name=1000&federated_search_id=8f15a5e2-b0e4-44e7-9db8-5a9a4e1087af
169,Private room in Ternes,Private room,1 bedroom,1,Wifi Â· Heating,76,https://www.airbnb.com/rooms/4259868?check_in=2022-04-01&check_out=2022-04-14&previous_page_section_name=1000&federated_search_id=8f15a5e2-b0e4-44e7-9db8-5a9a4e1087af
170,Entire rental unit in Vincennes,"Studio quiet bright Paris, Vincennes, subway 3 minutes",Studio,2,Wifi Â· Kitchen Â· Washer Â· Heating,84,https://www.airbnb.com/rooms/34725025?check_in=2022-04-01&check_out=2022-04-14&previous_page_section_name=1000&federated_search_id=8f15a5e2-b0e4-44e7-9db8-5a9a4e1087af
171,Entire rental unit in Porte de Versailles,Edgar Suites - Cozy Suite for 2 pax,1 bedroom,2,Hosted by a business Â· Wifi Â· Kitchen Â· Washer,164,https://www.airbnb.com/rooms/23959137?check_in=2022-04-01&check_out=2022-04-14&previous_page_section_name=1000&federated_search_id=8f15a5e2-b0e4-44e7-9db8-5a9a4e1087af
172,Entire condominium (condo) in Le Blanc-Mesnil,LE BLANC MESNIL PARC DES EXPOSITIONS beaten ground floor,Studio,2,Wifi Â· Kitchen Â· Washer Â· Heating,44,https://www.airbnb.com/rooms/53919414?check_in=2022-04-01&check_out=2022-04-14&previous_page_section_name=1000&federated_search_id=8f15a5e2-b0e4-44e7-9db8-5a9a4e1087af
173,Entire rental unit in XVI Arrondissement,"SUPERB LOFT SEINE View and EIFFEL TOWER, 55m2, 2 Pax",1 bedroom,2,Wifi Â· Kitchen Â· Washer Â· Heating,169,https://www.airbnb.com/rooms/49978956?check_in=2022-04-01&check_out=2022-04-14&previous_page_section_name=1000&federated_search_id=8f15a5e2-b0e4-44e7-9db8-5a9a4e1087af
174,Entire rental unit in Vitry-sur-Seine,* THE DESIGN SHELTER * apartment in Vitry sur Seine,1 bedroom,2,Wifi Â· Kitchen Â· Washer Â· Heating,80,https://www.airbnb.com/rooms/46520577?check_in=2022-04-01&check_out=2022-04-14&previous_page_section_name=1000&federated_search_id=8f15a5e2-b0e4-44e7-9db8-5a9a4e1087af
175,Private room in Bagnolet,Superbe appartement avec jacuzzi,1 bedroom,2,Wifi Â· Kitchen Â· Washer,43,https://www.airbnb.com/rooms/51128569?check_in=2022-04-01&check_out=2022-04-14&previous_page_section_name=1000&federated_search_id=8f15a5e2-b0e4-44e7-9db8-5a9a4e1087af
176,Entire townhouse in XIX Arrondissement,ARTIST STONE HOUSE CENTER YARD,3 bedrooms,6,Wifi Â· Kitchen Â· Washer Â· Heating,220,https://www.airbnb.com/rooms/41136758?check_in=2022-04-01&check_out=2022-04-14&previous_page_section_name=1000&federated_search_id=8f15a5e2-b0e4-44e7-9db8-5a9a4e1087af
177,Entire rental unit in Bercy,Bright apartment with Wi-Fi close to Ivry's Cinema,1 bedroom,2,Wifi Â· Kitchen Â· Washer Â· Heating,84,https://www.airbnb.com/rooms/565077569634109756?check_in=2022-04-01&check_out=2022-04-14&previous_page_section_name=1000&federated_search_id=8f15a5e2-b0e4-44e7-9db8-5a9a4e1087af
178,Entire condominium (condo) in XIII Arrondissement,Fully equipped studio on the outskirts of Paris,Studio,1,Wifi Â· Kitchen Â· Washer Â· Heating,61,https://www.airbnb.com/rooms/53523559?check_in=2022-04-01&check_out=2022-04-14&previous_page_section_name=1000&federated_search_id=8f15a5e2-b0e4-44e7-9db8-5a9a4e1087af
179,Private room in L'HaÃ¿-les-Roses,Own private room/bathroom room near to Paris,1 bedroom,2,Wifi Â· Kitchen Â· Washer Â· Heating,34,https://www.airbnb.com/rooms/561294142505962592?check_in=2022-04-01&check_out=2022-04-14&previous_page_section_name=1000&federated_search_id=8f15a5e2-b0e4-44e7-9db8-5a9a4e1087af
180,Entire rental unit in Batignolles,"Charming and bright flat, 5 min from Paris 17th",Studio,3,Wifi Â· Kitchen Â· Washer Â· Heating,86,https://www.airbnb.com/rooms/38742305?check_in=2022-04-01&check_out=2022-04-14&previous_page_section_name=1000&federated_search_id=9e12e03d-25e7-45e3-9af4-da8e3302040b
181,Entire rental unit in Batignolles,Clichy studio 4,1 bedroom,2,Wifi Â· Kitchen Â· Heating,49,https://www.airbnb.com/rooms/561332926617523940?check_in=2022-04-01&check_out=2022-04-14&previous_page_section_name=1000&federated_search_id=9e12e03d-25e7-45e3-9af4-da8e3302040b
182,Entire residential home in Aulnay-sous-Bois,Loft Aulnay in the woods near Parc Des Expositions,Studio,2,Wifi Â· Kitchen Â· Washer Â· Heating,77,https://www.airbnb.com/rooms/39698817?check_in=2022-04-01&check_out=2022-04-14&previous_page_section_name=1000&federated_search_id=9e12e03d-25e7-45e3-9af4-da8e3302040b
183,Entire rental unit in Montmartre,Architect Studio Montmartre,1 bedroom,2,Wifi Â· Kitchen Â· Washer Â· Heating,161,https://www.airbnb.com/rooms/548483559357110846?check_in=2022-04-01&check_out=2022-04-14&previous_page_section_name=1000&federated_search_id=9e12e03d-25e7-45e3-9af4-da8e3302040b
184,Entire rental unit in XIII Arrondissement,STUDIO A 2 PAS DU QUARTIER LATIN,Studio,2,Wifi Â· Washer Â· Heating,65,https://www.airbnb.com/rooms/8955846?check_in=2022-04-01&check_out=2022-04-14&previous_page_section_name=1000&federated_search_id=9e12e03d-25e7-45e3-9af4-da8e3302040b
185,Entire rental unit in Saint-Maur-des-FossÃ©s,Large bright studio very close to the transport,1 bedroom,3,Wifi Â· Kitchen Â· Heating,84,https://www.airbnb.com/rooms/52379935?check_in=2022-04-01&check_out=2022-04-14&previous_page_section_name=1000&federated_search_id=9e12e03d-25e7-45e3-9af4-da8e3302040b
186,Private room in Tour Eiffel - Champ de Mars,Contemporary bedroom in a luxurious apartment,1 bedroom,1,Wifi Â· Kitchen Â· Washer Â· Heating,123,https://www.airbnb.com/rooms/33087546?check_in=2022-04-01&check_out=2022-04-14&previous_page_section_name=1000&federated_search_id=9e12e03d-25e7-45e3-9af4-da8e3302040b
187,Entire condominium (condo) in Ternes,2 room apartment- Levallois,Studio,2,Wifi Â· Kitchen Â· Heating,62,https://www.airbnb.com/rooms/34375823?check_in=2022-04-01&check_out=2022-04-14&previous_page_section_name=1000&federated_search_id=9e12e03d-25e7-45e3-9af4-da8e3302040b
188,Entire rental unit in VIII Arrondissement,Charming studio near the Champs-ElysÃ©es (Paris 8),1 bedroom,2,Wifi Â· Kitchen Â· Washer Â· Heating,169,https://www.airbnb.com/rooms/578751047616475239?check_in=2022-04-01&check_out=2022-04-14&previous_page_section_name=1000&federated_search_id=9e12e03d-25e7-45e3-9af4-da8e3302040b
189,Entire rental unit in Buttes-Chaumont - Belleville,Charm and Tranquility 5 min from Paris,2 bedrooms,3,Wifi Â· Kitchen Â· Washer Â· Heating,72,https://www.airbnb.com/rooms/42894433?check_in=2022-04-01&check_out=2022-04-14&previous_page_section_name=1000&federated_search_id=9e12e03d-25e7-45e3-9af4-da8e3302040b
190,Entire rental unit in Le Marais,â˜… Charming studio - Full center Paris - 4 people â˜…,1 bedroom,4,Wifi Â· Kitchen Â· Heating,202,https://www.airbnb.com/rooms/538815401808277395?check_in=2022-04-01&check_out=2022-04-14&previous_page_section_name=1000&federated_search_id=9e12e03d-25e7-45e3-9af4-da8e3302040b
191,Private room in XIV Arrondissement,PARIS Denfert-Rochereau Room,1 bedroom,1,Wifi Â· Kitchen Â· Washer Â· Heating,67,https://www.airbnb.com/rooms/12337002?check_in=2022-04-01&check_out=2022-04-14&previous_page_section_name=1000&federated_search_id=9e12e03d-25e7-45e3-9af4-da8e3302040b
192,Entire rental unit in XVIII Arrondissement,Amazing Sunny flat close to Montmartre,1 bedroom,2,Wifi Â· Kitchen Â· Washer Â· Heating,142,https://www.airbnb.com/rooms/47795160?check_in=2022-04-01&check_out=2022-04-14&previous_page_section_name=1000&federated_search_id=9e12e03d-25e7-45e3-9af4-da8e3302040b
193,Entire condominium (condo) in Puteaux,"New, cosy home at the foot of the defense.",1 bedroom,2,Wifi Â· Kitchen Â· Washer Â· Heating,92,https://www.airbnb.com/rooms/35989045?check_in=2022-04-01&check_out=2022-04-14&previous_page_section_name=1000&federated_search_id=9e12e03d-25e7-45e3-9af4-da8e3302040b
194,Entire condominium (condo) in Villeneuve-la-Garenne,â™¥ï¸ NEAR PARIS: SUPERB APARTMENT IN RESIDENCE ğŸŒŸ,Studio,2,Wifi Â· Kitchen Â· Washer Â· Heating,80,https://www.airbnb.com/rooms/548970620941628534?check_in=2022-04-01&check_out=2022-04-14&previous_page_section_name=1000&federated_search_id=9e12e03d-25e7-45e3-9af4-da8e3302040b
195,Entire rental unit in Levallois-Perret,Jardin en Ville & Parking 5'' Paris,1 bedroom,2,Wifi Â· Kitchen Â· Heating,145,https://www.airbnb.com/rooms/6218274?check_in=2022-04-01&check_out=2022-04-14&previous_page_section_name=1000&federated_search_id=9e12e03d-25e7-45e3-9af4-da8e3302040b
196,Entire rental unit in Saint-Cloud,Studio Ã  Saint-Cloud (5mn Ã  pied du Tramway),1 bedroom,1,Wifi Â· Kitchen,40,https://www.airbnb.com/rooms/580869692182381041?check_in=2022-04-01&check_out=2022-04-14&previous_page_section_name=1000&federated_search_id=9e12e03d-25e7-45e3-9af4-da8e3302040b
197,Entire rental unit in Vincennes,Lovely apartment in hyper center of Vincennes,1 bedroom,2,Wifi Â· Kitchen Â· Washer Â· Heating,88,https://www.airbnb.com/rooms/52400105?check_in=2022-04-01&check_out=2022-04-14&previous_page_section_name=1000&federated_search_id=9e12e03d-25e7-45e3-9af4-da8e3302040b
198,Entire rental unit in XVIII Arrondissement,Apartment at the foot of Montmartre,1 bedroom,2,Wifi Â· Kitchen,99,https://www.airbnb.com/rooms/559250916578862251?check_in=2022-04-01&check_out=2022-04-14&previous_page_section_name=1000&federated_search_id=9e12e03d-25e7-45e3-9af4-da8e3302040b
199,Entire rental unit in XVIII Arrondissement,Cute appart in Paris to Enjoy,1 bedroom,2,Wifi Â· Kitchen Â· Washer,89,https://www.airbnb.com/rooms/22352010?check_in=2022-04-01&check_out=2022-04-14&previous_page_section_name=1000&federated_search_id=9e12e03d-25e7-45e3-9af4-da8e3302040b
200,Entire rental unit in XVIII Arrondissement,Apartment at the foot of Montmartre,1 bedroom,2,Wifi Â· Kitchen,99,https://www.airbnb.com/rooms/559250916578862251?check_in=2022-04-01&check_out=2022-04-14&previous_page_section_name=1000&federated_search_id=b669cfad-c452-4796-adf5-a7f7f84bc998
201,Entire rental unit in XVIII Arrondissement,Cute appart in Paris to Enjoy,1 bedroom,2,Wifi Â· Kitchen Â· Washer,89,https://www.airbnb.com/rooms/22352010?check_in=2022-04-01&check_out=2022-04-14&previous_page_section_name=1000&federated_search_id=b669cfad-c452-4796-adf5-a7f7f84bc998
202,Hotel room in Commerce - Dupleix,Hotel Korner Eiffel - Singe Room,1 bedroom,1,Wifi Â· Heating,144,https://www.airbnb.com/rooms/35643676?check_in=2022-04-01&check_out=2022-04-14&previous_page_section_name=1000&federated_search_id=b669cfad-c452-4796-adf5-a7f7f84bc998
203,Entire rental unit in Villepinte,Cosy studio proche de la gare + parking,1 bedroom,4,Wifi Â· Kitchen Â· Washer Â· Heating,66,https://www.airbnb.com/rooms/548961148255053721?check_in=2022-04-01&check_out=2022-04-14&previous_page_section_name=1000&federated_search_id=b669cfad-c452-4796-adf5-a7f7f84bc998
204,Entire rental unit in I Arrondissement,Paris 1st central Louvre !,Studio,2,Wifi Â· Kitchen Â· Washer Â· Heating,167,https://www.airbnb.com/rooms/4151240?check_in=2022-04-01&check_out=2022-04-14&previous_page_section_name=1000&federated_search_id=b669cfad-c452-4796-adf5-a7f7f84bc998
205,Entire rental unit in Commerce - Dupleix,"Paris modern, panoramic view apt near Eiffel tour.",1 bedroom,3,Wifi Â· Kitchen Â· Washer Â· Heating,231,https://www.airbnb.com/rooms/25450070?check_in=2022-04-01&check_out=2022-04-14&previous_page_section_name=1000&federated_search_id=b669cfad-c452-4796-adf5-a7f7f84bc998
206,Private room in XIII Arrondissement,Beautiful view of all of Paris.,1 bedroom,1,Wifi Â· Heating,57,https://www.airbnb.com/rooms/770809?check_in=2022-04-01&check_out=2022-04-14&previous_page_section_name=1000&federated_search_id=b669cfad-c452-4796-adf5-a7f7f84bc998
207,Entire rental unit in ChÃ¢telet - Les Halles - Beaubourg,Suite Le Marais - Montmorency - Heart of Paris,1 bedroom,4,Wifi Â· Kitchen Â· Washer Â· Heating,354,https://www.airbnb.com/rooms/43410178?check_in=2022-04-01&check_out=2022-04-14&previous_page_section_name=1000&federated_search_id=b669cfad-c452-4796-adf5-a7f7f84bc998
208,Entire serviced apartment in Quartier Latin,Beautiful studio in Paris,Studio,2,Wifi Â· Kitchen Â· Heating,172,https://www.airbnb.com/rooms/573893979027052991?check_in=2022-04-01&check_out=2022-04-14&previous_page_section_name=1000&federated_search_id=b669cfad-c452-4796-adf5-a7f7f84bc998
209,Entire rental unit in X Arrondissement,Charming luminous 62m2 Loft on the Canal St Martin,1 bedroom,2,Wifi Â· Kitchen Â· Washer Â· Heating,247,https://www.airbnb.com/rooms/45527525?check_in=2022-04-01&check_out=2022-04-14&previous_page_section_name=1000&federated_search_id=b669cfad-c452-4796-adf5-a7f7f84bc998
210,Entire condominium (condo) in XIII Arrondissement,Paris:Apartment with French elegance,1 bedroom,2,Wifi Â· Kitchen Â· Washer Â· Heating,109,https://www.airbnb.com/rooms/573676433559265391?check_in=2022-04-01&check_out=2022-04-14&previous_page_section_name=1000&federated_search_id=b669cfad-c452-4796-adf5-a7f7f84bc998
211,Entire rental unit in XIX Arrondissement,â™¥ Cosy studio Canal de la Vilette - 2P,Studio,2,Hosted by a business Â· Wifi Â· Kitchen Â· Washer,102,https://www.airbnb.com/rooms/44444871?check_in=2022-04-01&check_out=2022-04-14&previous_page_section_name=1000&federated_search_id=b669cfad-c452-4796-adf5-a7f7f84bc998
212,Entire rental unit in XVI Arrondissement,Very nice apartment/Cosy flat near Roland Garros,1 bedroom,2,Wifi Â· Kitchen Â· Washer Â· Heating,113,https://www.airbnb.com/rooms/43631861?check_in=2022-04-01&check_out=2022-04-14&previous_page_section_name=1000&federated_search_id=b669cfad-c452-4796-adf5-a7f7f84bc998
213,Hotel room in Commerce - Dupleix,K-osy double room perfect for 2!,1 bedroom,2,Wifi Â· Heating,163,https://www.airbnb.com/rooms/35813040?check_in=2022-04-01&check_out=2022-04-14&previous_page_section_name=1000&federated_search_id=b669cfad-c452-4796-adf5-a7f7f84bc998
214,Entire serviced apartment in XVI Arrondissement,Nice home in Eiffel tower area,1 bedroom,4,Wifi Â· Kitchen Â· Washer Â· Heating,252,https://www.airbnb.com/rooms/571049419787966361?check_in=2022-04-01&check_out=2022-04-14&previous_page_section_name=1000&federated_search_id=b669cfad-c452-4796-adf5-a7f7f84bc998
215,Hotel room in X Arrondissement,"Nice cozy room with a double bed, located between Gare de l 'Est and Gare du Nord, ideal location to visit Paris.",1 bedroom,2,Wifi Â· Heating,132,https://www.airbnb.com/rooms/26316846?check_in=2022-04-01&check_out=2022-04-14&previous_page_section_name=1000&federated_search_id=b669cfad-c452-4796-adf5-a7f7f84bc998
216,Entire rental unit in Le Marais,Paris superb apartment in the heart of the Marais,1 bedroom,2,Kitchen Â· Washer Â· Heating,155,https://www.airbnb.com/rooms/53374666?check_in=2022-04-01&check_out=2022-04-14&previous_page_section_name=1000&federated_search_id=b669cfad-c452-4796-adf5-a7f7f84bc998
217,Entire rental unit in XVI Arrondissement,Two rooms 55mÂ² gd luxury fully air-conditioned,1 bedroom,2,Wifi Â· Kitchen Â· Washer Â· Heating,112,https://www.airbnb.com/rooms/13186014?check_in=2022-04-01&check_out=2022-04-14&previous_page_section_name=1000&federated_search_id=b669cfad-c452-4796-adf5-a7f7f84bc998
218,Entire rental unit in Porte de Versailles,Bright apartment for 2 - Porte de Versailles,1 bedroom,2,Hosted by a business Â· Wifi Â· Kitchen Â· Washer,149,https://www.airbnb.com/rooms/53951017?check_in=2022-04-01&check_out=2022-04-14&previous_page_section_name=1000&federated_search_id=b669cfad-c452-4796-adf5-a7f7f84bc998
219,Entire rental unit in La Villette,Two room apartment Stalingrad refurbished,1 bedroom,2,Wifi Â· Kitchen Â· Washer Â· Heating,102,https://www.airbnb.com/rooms/25827824?check_in=2022-04-01&check_out=2022-04-14&previous_page_section_name=1000&federated_search_id=b669cfad-c452-4796-adf5-a7f7f84bc998
220,Entire rental unit in Vincennes,85-TOP Studio Centre+RER+MÃ©tro+Parc Floral+Chateau,Studio,2,Hosted by a business Â· Wifi Â· Kitchen Â· Heating,71,https://www.airbnb.com/rooms/21736189?check_in=2022-04-01&check_out=2022-04-14&previous_page_section_name=1000&federated_search_id=c0817036-7c08-43b3-8431-78299c54fbe0
221,Entire rental unit in Champigny-sur-Marne,Great apartment with free parking,1 bedroom,2,Wifi Â· Kitchen Â· Washer Â· Heating,45,https://www.airbnb.com/rooms/551498278428129597?check_in=2022-04-01&check_out=2022-04-14&previous_page_section_name=1000&federated_search_id=c0817036-7c08-43b3-8431-78299c54fbe0
222,Entire rental unit in XVI Arrondissement,Big Studio - Alexandre Foch,Studio,2,Wifi Â· Kitchen Â· Washer Â· Heating,131,https://www.airbnb.com/rooms/37799207?check_in=2022-04-01&check_out=2022-04-14&previous_page_section_name=1000&federated_search_id=c0817036-7c08-43b3-8431-78299c54fbe0
223,Entire rental unit in Vincennes,Vincennes - Cosy apartment near Paris.,1 bedroom,2,Wifi Â· Kitchen Â· Washer Â· Heating,90,https://www.airbnb.com/rooms/53055877?check_in=2022-04-01&check_out=2022-04-14&previous_page_section_name=1000&federated_search_id=c0817036-7c08-43b3-8431-78299c54fbe0
224,Entire serviced apartment in XVI Arrondissement,large studio 34 mÂ² with private garden,Studio,2,Wifi Â· Kitchen Â· Heating,66,https://www.airbnb.com/rooms/30033669?check_in=2022-04-01&check_out=2022-04-14&previous_page_section_name=1000&federated_search_id=c0817036-7c08-43b3-8431-78299c54fbe0
225,Entire vacation home in Maisons-Alfort,lovely place near Gare de Lyon,1 bedroom,2,Wifi Â· Kitchen Â· Washer Â· Heating,65,https://www.airbnb.com/rooms/53468731?check_in=2022-04-01&check_out=2022-04-14&previous_page_section_name=1000&federated_search_id=c0817036-7c08-43b3-8431-78299c54fbe0
226,Entire rental unit in Commerce - Dupleix,Comfortable townhouse in the heart of Paris,Studio,2,Kitchen Â· Washer Â· Heating,106,https://www.airbnb.com/rooms/51837370?check_in=2022-04-01&check_out=2022-04-14&previous_page_section_name=1000&federated_search_id=c0817036-7c08-43b3-8431-78299c54fbe0
227,Entire rental unit in XV Arrondissement,Cosy studio - 1- Exhibition center,Studio,2,Wifi Â· Kitchen Â· Heating,69,https://www.airbnb.com/rooms/36616138?check_in=2022-04-01&check_out=2022-04-14&previous_page_section_name=1000&federated_search_id=c0817036-7c08-43b3-8431-78299c54fbe0
228,Entire rental unit in XX Arrondissement,Studio proche de Paris 20Ã¨me,Studio,3,Wifi Â· Kitchen,82,https://www.airbnb.com/rooms/580490011208587569?check_in=2022-04-01&check_out=2022-04-14&previous_page_section_name=1000&federated_search_id=c0817036-7c08-43b3-8431-78299c54fbe0
229,Entire rental unit in XIII Arrondissement,Le Kremlin-BicÃªtre - T2 coup de coeur,1 bedroom,2,Wifi Â· Kitchen Â· Washer Â· Heating,101,https://www.airbnb.com/rooms/49976719?check_in=2022-04-01&check_out=2022-04-14&previous_page_section_name=1000&federated_search_id=c0817036-7c08-43b3-8431-78299c54fbe0
230,Private room in Commerce - Dupleix,Separate bedroom facing the river,1 bedroom,2,Wifi Â· Heating,104,https://www.airbnb.com/rooms/5177732?check_in=2022-04-01&check_out=2022-04-14&previous_page_section_name=1000&federated_search_id=c0817036-7c08-43b3-8431-78299c54fbe0
231,Entire rental unit in VIII Arrondissement,Colored studio in Paris city center,1 bedroom,2,Wifi Â· Kitchen Â· Heating,106,https://www.airbnb.com/rooms/53525947?check_in=2022-04-01&check_out=2022-04-14&previous_page_section_name=1000&federated_search_id=c0817036-7c08-43b3-8431-78299c54fbe0
232,Entire condominium (condo) in XV Arrondissement,40 m2 issy corentin celton/Porte Versaille area,1 bedroom,2,Wifi Â· Kitchen Â· Washer Â· Heating,81,https://www.airbnb.com/rooms/41846987?check_in=2022-04-01&check_out=2022-04-14&previous_page_section_name=1000&federated_search_id=c0817036-7c08-43b3-8431-78299c54fbe0
233,Entire guest suite in Nation,Beautiful private suite 100m from Paris,1 bedroom,2,Wifi Â· Kitchen Â· Washer Â· Heating,121,https://www.airbnb.com/rooms/30552675?check_in=2022-04-01&check_out=2022-04-14&previous_page_section_name=1000&federated_search_id=c0817036-7c08-43b3-8431-78299c54fbe0
234,Entire condominium (condo) in AsniÃ¨res-sur-Seine,Cozy apartment 15 min from Paris,1 bedroom,4,Wifi Â· Kitchen Â· Washer Â· Heating,79,https://www.airbnb.com/rooms/578037538683518365?check_in=2022-04-01&check_out=2022-04-14&previous_page_section_name=1000&federated_search_id=c0817036-7c08-43b3-8431-78299c54fbe0
235,Entire rental unit in Nation,Panoramic view of Paris,2 bedrooms,4,Wifi Â· Kitchen Â· Washer Â· Heating,260,https://www.airbnb.com/rooms/563626018986776478?check_in=2022-04-01&check_out=2022-04-14&previous_page_section_name=1000&federated_search_id=c0817036-7c08-43b3-8431-78299c54fbe0
236,Entire rental unit in IX Arrondissement,Beautiful apartment in the heart of Paris,1 bedroom,2,Wifi Â· Kitchen,222,https://www.airbnb.com/rooms/49742750?check_in=2022-04-01&check_out=2022-04-14&previous_page_section_name=1000&federated_search_id=c0817036-7c08-43b3-8431-78299c54fbe0
237,Entire rental unit in XVII Arrondissement,Cosy studio 2P - Batignolles / Pigalle,Studio,2,Wifi Â· Kitchen Â· Heating,121,https://www.airbnb.com/rooms/564181328152036200?check_in=2022-04-01&check_out=2022-04-14&previous_page_section_name=1000&federated_search_id=c0817036-7c08-43b3-8431-78299c54fbe0
238,Entire rental unit in Fontenay-sous-Bois,Studio with large private terrace close to RER A + WiFi,Studio,2,Wifi Â· Kitchen Â· Washer Â· Heating,66,https://www.airbnb.com/rooms/52578720?check_in=2022-04-01&check_out=2022-04-14&previous_page_section_name=1000&federated_search_id=c0817036-7c08-43b3-8431-78299c54fbe0
239,Entire rental unit in XVI Arrondissement,Studio Premium - Tour Eiffel - 6,Studio,2,Hosted by a business Â· Wifi Â· Heating,204,https://www.airbnb.com/rooms/21719558?check_in=2022-04-01&check_out=2022-04-14&previous_page_section_name=1000&federated_search_id=c0817036-7c08-43b3-8431-78299c54fbe0
240,Entire rental unit in Fontenay-sous-Bois,Studio with large private terrace close to RER A + WiFi,Studio,2,Wifi Â· Kitchen Â· Washer Â· Heating,66,https://www.airbnb.com/rooms/52578720?check_in=2022-04-01&check_out=2022-04-14&previous_page_section_name=1000&federated_search_id=36210e99-5e83-430a-85f1-4816c6cbeeee
241,Entire rental unit in XVI Arrondissement,Studio Premium - Tour Eiffel - 6,Studio,2,Hosted by a business Â· Wifi Â· Heating,204,https://www.airbnb.com/rooms/21719558?check_in=2022-04-01&check_out=2022-04-14&previous_page_section_name=1000&federated_search_id=36210e99-5e83-430a-85f1-4816c6cbeeee
242,Entire rental unit in XVI Arrondissement,Grand studio esprit loft de 45mÂ²,Studio,2,Hosted by a business Â· Wifi Â· Kitchen Â· Heating,68,https://www.airbnb.com/rooms/54407169?check_in=2022-04-01&check_out=2022-04-14&previous_page_section_name=1000&federated_search_id=36210e99-5e83-430a-85f1-4816c6cbeeee
243,Entire rental unit in Montparnasse,Cosy nest in the heart of Montparnasse,1 bedroom,2,Wifi Â· Kitchen Â· Washer Â· Heating,157,https://www.airbnb.com/rooms/24623209?check_in=2022-04-01&check_out=2022-04-14&previous_page_section_name=1000&federated_search_id=36210e99-5e83-430a-85f1-4816c6cbeeee
244,Entire villa in Vitry-sur-Seine,Charming house near Paris,2 bedrooms,7,Wifi Â· Kitchen Â· Washer Â· Heating,133,https://www.airbnb.com/rooms/53766249?check_in=2022-04-01&check_out=2022-04-14&previous_page_section_name=1000&federated_search_id=36210e99-5e83-430a-85f1-4816c6cbeeee
245,Entire condominium (condo) in Fontenay-sous-Bois,"Charming F2 45m2 near Paris, Bois de Vincenne.",1 bedroom,2,Wifi Â· Kitchen Â· Heating,68,https://www.airbnb.com/rooms/54061756?check_in=2022-04-01&check_out=2022-04-14&previous_page_section_name=1000&federated_search_id=36210e99-5e83-430a-85f1-4816c6cbeeee
246,Entire rental unit in Saint-Denis,Yes lovely bedroom tranquille,1 bedroom,2,2 guests Â· 1 bedroom Â· 1 bed Â· 1 bath,45,https://www.airbnb.com/rooms/54052385?check_in=2022-04-01&check_out=2022-04-14&previous_page_section_name=1000&federated_search_id=36210e99-5e83-430a-85f1-4816c6cbeeee
247,Private room in Vauhallan,Small bedroom,1 bedroom,1,Wifi Â· Kitchen Â· Washer Â· Heating,22,https://www.airbnb.com/rooms/43838871?check_in=2022-04-01&check_out=2022-04-14&previous_page_section_name=1000&federated_search_id=36210e99-5e83-430a-85f1-4816c6cbeeee
248,Private room in XIII Arrondissement,PARISğŸ‡«ğŸ‡·SUITE BEDROOM 25m2 +Sofa +Salon +BREAKFAST,1 bedroom,3,Wifi Â· Kitchen Â· Washer Â· Heating,86,https://www.airbnb.com/rooms/51098245?check_in=2022-04-01&check_out=2022-04-14&previous_page_section_name=1000&federated_search_id=36210e99-5e83-430a-85f1-4816c6cbeeee
249,Entire rental unit in Buttes-Chaumont - Belleville,Studio top floor parking view Paris/monuments,Studio,2,Wifi Â· Kitchen Â· Washer Â· Heating,151,https://www.airbnb.com/rooms/26345876?check_in=2022-04-01&check_out=2022-04-14&previous_page_section_name=1000&federated_search_id=36210e99-5e83-430a-85f1-4816c6cbeeee
250,Entire residential home in Noisy-le-Sec,Quiet house 60 m2 with free parking on site,2 bedrooms,3,Wifi Â· Kitchen Â· Heating,90,https://www.airbnb.com/rooms/554046990155562609?check_in=2022-04-01&check_out=2022-04-14&previous_page_section_name=1000&federated_search_id=36210e99-5e83-430a-85f1-4816c6cbeeee
251,Entire residential home in Fontenay-sous-Bois,Gite with garden near Paris .,1 bedroom,3,Wifi Â· Kitchen Â· Washer Â· Heating,78,https://www.airbnb.com/rooms/3382215?check_in=2022-04-01&check_out=2022-04-14&previous_page_section_name=1000&federated_search_id=36210e99-5e83-430a-85f1-4816c6cbeeee
252,Entire rental unit in RÃ©publique,Lovely Studio - RÃ©publique/ Temple,Studio,2,Wifi Â· Kitchen Â· Heating,186,https://www.airbnb.com/rooms/52644993?check_in=2022-04-01&check_out=2022-04-14&previous_page_section_name=1000&federated_search_id=36210e99-5e83-430a-85f1-4816c6cbeeee
253,Entire condominium (condo) in Villepinte,The must-see Villepinte 10 min ExpoRER B park,Studio,2,Wifi Â· Heating,64,https://www.airbnb.com/rooms/49873815?check_in=2022-04-01&check_out=2022-04-14&previous_page_section_name=1000&federated_search_id=36210e99-5e83-430a-85f1-4816c6cbeeee
254,Entire rental unit in Pantin,Exceptional and calm flat of 2 rooms - Pantin ,1 bedroom,4,Wifi Â· Kitchen Â· Washer Â· Heating,130,https://www.airbnb.com/rooms/24126673?check_in=2022-04-01&check_out=2022-04-14&previous_page_section_name=1000&federated_search_id=36210e99-5e83-430a-85f1-4816c6cbeeee
255,Entire condominium (condo) in II Arrondissement,Paris : Apartment with terrace. Montorgueil district,1 bedroom,2,Wifi Â· Kitchen Â· Washer,234,https://www.airbnb.com/rooms/54171458?check_in=2022-04-01&check_out=2022-04-14&previous_page_section_name=1000&federated_search_id=36210e99-5e83-430a-85f1-4816c6cbeeee
256,Room in aparthotel in XIV Arrondissement,"Citadines Didot Montparnasse Paris, Studio",1 bedroom,2,Wifi Â· Kitchen Â· Washer Â· Heating,110,https://www.airbnb.com/rooms/39099943?check_in=2022-04-01&check_out=2022-04-14&previous_page_section_name=1000&federated_search_id=36210e99-5e83-430a-85f1-4816c6cbeeee
257,Entire rental unit in XIV Arrondissement,Helvete - Comfortable apartment for 2 people,1 bedroom,2,Wifi Â· Kitchen Â· Heating,150,https://www.airbnb.com/rooms/52413980?check_in=2022-04-01&check_out=2022-04-14&previous_page_section_name=1000&federated_search_id=36210e99-5e83-430a-85f1-4816c6cbeeee
258,Entire rental unit in Les Lilas,Le cocon des Lilas,1 bedroom,3,Wifi Â· Kitchen Â· Heating,83,https://www.airbnb.com/rooms/30459489?check_in=2022-04-01&check_out=2022-04-14&previous_page_section_name=1000&federated_search_id=36210e99-5e83-430a-85f1-4816c6cbeeee
259,Private room in Paris,Chambre privÃ©e dans rÃ©sidence Ã  Paris,1 bedroom,1,Wifi Â· Kitchen Â· Washer Â· Heating,65,https://www.airbnb.com/rooms/38617766?check_in=2022-04-01&check_out=2022-04-14&previous_page_section_name=1000&federated_search_id=36210e99-5e83-430a-85f1-4816c6cbeeee
260,Entire rental unit in XIV Arrondissement,Helvete - Comfortable apartment for 2 people,1 bedroom,2,Wifi Â· Kitchen Â· Heating,150,https://www.airbnb.com/rooms/52413980?check_in=2022-04-01&check_out=2022-04-14&previous_page_section_name=1000&federated_search_id=518d25b9-13bc-45be-860c-0b488acaaada
261,Entire rental unit in Les Lilas,Le cocon des Lilas,1 bedroom,3,Wifi Â· Kitchen Â· Heating,83,https://www.airbnb.com/rooms/30459489?check_in=2022-04-01&check_out=2022-04-14&previous_page_section_name=1000&federated_search_id=518d25b9-13bc-45be-860c-0b488acaaada
262,Private room in Paris,Chambre privÃ©e dans rÃ©sidence Ã  Paris,1 bedroom,1,Wifi Â· Kitchen Â· Washer Â· Heating,65,https://www.airbnb.com/rooms/38617766?check_in=2022-04-01&check_out=2022-04-14&previous_page_section_name=1000&federated_search_id=518d25b9-13bc-45be-860c-0b488acaaada
263,Hotel room in XIV Arrondissement,SINGLE,1 bedroom,1,Wifi Â· Heating,80,https://www.airbnb.com/rooms/45427117?check_in=2022-04-01&check_out=2022-04-14&previous_page_section_name=1000&federated_search_id=518d25b9-13bc-45be-860c-0b488acaaada
264,Entire rental unit in IX Arrondissement,Cosy studio in Paris,Studio,2,Wifi Â· Kitchen Â· Heating,189,https://www.airbnb.com/rooms/571757226496754873?check_in=2022-04-01&check_out=2022-04-14&previous_page_section_name=1000&federated_search_id=518d25b9-13bc-45be-860c-0b488acaaada
265,Shared room in Bondy,roomate colocation 15 min Paris only women (femme),1 bedroom,4,Kitchen Â· Washer,11,https://www.airbnb.com/rooms/550089609465679769?check_in=2022-04-01&check_out=2022-04-14&previous_page_section_name=1000&federated_search_id=518d25b9-13bc-45be-860c-0b488acaaada
266,Private room in X Arrondissement,Large room in RÃ©publique / Canal Saint-Martin,1 bedroom,2,Wifi Â· Kitchen Â· Washer Â· Heating,109,https://www.airbnb.com/rooms/36094172?check_in=2022-04-01&check_out=2022-04-14&previous_page_section_name=1000&federated_search_id=518d25b9-13bc-45be-860c-0b488acaaada
267,Entire rental unit in Bondy,Beautiful flat near Paris (15 minutes),Studio,3,Wifi Â· Kitchen Â· Heating,46,https://www.airbnb.com/rooms/48401460?check_in=2022-04-01&check_out=2022-04-14&previous_page_section_name=1000&federated_search_id=518d25b9-13bc-45be-860c-0b488acaaada
268,Entire condominium (condo) in XVI Arrondissement,luxury T2 at the gates of Paris,1 bedroom,4,Wifi Â· Kitchen Â· Washer Â· Heating,102,https://www.airbnb.com/rooms/4591750?check_in=2022-04-01&check_out=2022-04-14&previous_page_section_name=1000&federated_search_id=518d25b9-13bc-45be-860c-0b488acaaada
269,Entire rental unit in Boulogne-Billancourt,Large 2 rooms near R. Garros and p. princes,1 bedroom,2,Wifi Â· Kitchen Â· Washer Â· Heating,151,https://www.airbnb.com/rooms/19206368?check_in=2022-04-01&check_out=2022-04-14&previous_page_section_name=1000&federated_search_id=518d25b9-13bc-45be-860c-0b488acaaada
270,Entire rental unit in XI Arrondissement,Superb studio 2P - Voltaire - Republic,Studio,2,Hosted by a business Â· Kitchen Â· Heating,138,https://www.airbnb.com/rooms/48238842?check_in=2022-04-01&check_out=2022-04-14&previous_page_section_name=1000&federated_search_id=518d25b9-13bc-45be-860c-0b488acaaada
271,Entire rental unit in CrÃ©teil,STANDING GRAND PARIS 73m2 30minParis 45 minDisney,2 bedrooms,4,Wifi Â· Kitchen Â· Washer Â· Heating,79,https://www.airbnb.com/rooms/24435073?check_in=2022-04-01&check_out=2022-04-14&previous_page_section_name=1000&federated_search_id=518d25b9-13bc-45be-860c-0b488acaaada
272,Entire rental unit in ChÃ¢telet - Les Halles - Beaubourg,B 5498 - Best Deal - Le marais,Studio,3,Wifi Â· Kitchen Â· Washer Â· Heating,204,https://www.airbnb.com/rooms/52099331?check_in=2022-04-01&check_out=2022-04-14&previous_page_section_name=1000&federated_search_id=518d25b9-13bc-45be-860c-0b488acaaada
273,Entire rental unit in XVI Arrondissement,Studio room in paris eiffeil tower,1 bedroom,2,2 guests Â· 1 bedroom Â· 1 bed Â· 1 bath,85,https://www.airbnb.com/rooms/47419941?check_in=2022-04-01&check_out=2022-04-14&previous_page_section_name=1000&federated_search_id=518d25b9-13bc-45be-860c-0b488acaaada
274,Entire rental unit in Vincennes,Great apartment: In front of the castle of Vincennes,1 bedroom,1,Wifi Â· Kitchen Â· Washer Â· Heating,106,https://www.airbnb.com/rooms/52592570?check_in=2022-04-01&check_out=2022-04-14&previous_page_section_name=1000&federated_search_id=518d25b9-13bc-45be-860c-0b488acaaada
275,Entire rental unit in Antony,studio avec balcon et box,1 bedroom,2,Wifi Â· Kitchen Â· Washer,54,https://www.airbnb.com/rooms/1708072?check_in=2022-04-01&check_out=2022-04-14&previous_page_section_name=1000&federated_search_id=518d25b9-13bc-45be-860c-0b488acaaada
276,Entire loft in XVIII Arrondissement,Lovely loft with outdoor area,1 bedroom,2,Wifi Â· Kitchen Â· Washer Â· Heating,110,https://www.airbnb.com/rooms/51674904?check_in=2022-04-01&check_out=2022-04-14&previous_page_section_name=1000&federated_search_id=518d25b9-13bc-45be-860c-0b488acaaada
277,Entire rental unit in IX Arrondissement,Amazing loft in SacrÃ© Coeur VI,Studio,4,Wifi Â· Kitchen Â· Heating,243,https://www.airbnb.com/rooms/572304054521527647?check_in=2022-04-01&check_out=2022-04-14&previous_page_section_name=1000&federated_search_id=518d25b9-13bc-45be-860c-0b488acaaada
278,Private room in Auteuil,Apartment 5 minutes from Paris,1 bedroom,1,Wifi Â· Kitchen Â· Washer Â· Heating,47,https://www.airbnb.com/rooms/1681419?check_in=2022-04-01&check_out=2022-04-14&previous_page_section_name=1000&federated_search_id=518d25b9-13bc-45be-860c-0b488acaaada
279,Entire rental unit in Montparnasse,Luxurious Studio Paris 6th,Studio,2,Wifi Â· Kitchen Â· Washer Â· Heating,181,https://www.airbnb.com/rooms/5316308?check_in=2022-04-01&check_out=2022-04-14&previous_page_section_name=1000&federated_search_id=518d25b9-13bc-45be-860c-0b488acaaada
280,Entire rental unit in Fontenay-sous-Bois,Detached studio in house garden near Paris,Studio,2,Wifi Â· Kitchen Â· Washer Â· Heating,66,https://www.airbnb.com/rooms/40548229?check_in=2022-04-01&check_out=2022-04-14&previous_page_section_name=1000&federated_search_id=cb51413b-8cbf-4806-8a3b-fd829b554e3a
281,Entire rental unit in XVII Arrondissement,Studio au calme cÅ“ur Batignolles *****,1 bedroom,1,Wifi Â· Kitchen Â· Washer Â· Heating,99,https://www.airbnb.com/rooms/54298339?check_in=2022-04-01&check_out=2022-04-14&previous_page_section_name=1000&federated_search_id=cb51413b-8cbf-4806-8a3b-fd829b554e3a
282,Entire rental unit in XI Arrondissement,APPARTEMENT CONTEMPORAIN RÃ‰PUBLIQUE- TEMPLE 1,1 bedroom,4,Wifi Â· Kitchen Â· Washer Â· Heating,252,https://www.airbnb.com/rooms/563587057050227315?check_in=2022-04-01&check_out=2022-04-14&previous_page_section_name=1000&federated_search_id=cb51413b-8cbf-4806-8a3b-fd829b554e3a
283,Entire rental unit in La Villette,Door of Peace at the foot of Paris-La Villette,1 bedroom,2,Wifi Â· Kitchen Â· Heating,91,https://www.airbnb.com/rooms/53020942?check_in=2022-04-01&check_out=2022-04-14&previous_page_section_name=1000&federated_search_id=cb51413b-8cbf-4806-8a3b-fd829b554e3a
284,Private room in Saint-Germain-des-PrÃ©s - OdÃ©on,From Louvre to Notre-Dame/180Â° view at the top,1 bedroom,2,Wifi Â· Kitchen Â· Heating,142,https://www.airbnb.com/rooms/17473646?check_in=2022-04-01&check_out=2022-04-14&previous_page_section_name=1000&federated_search_id=cb51413b-8cbf-4806-8a3b-fd829b554e3a
285,Entire rental unit in Croissy,"Modern Studio, Quiet, Croissy City Centre",Studio,2,Wifi Â· Kitchen Â· Washer Â· Heating,66,https://www.airbnb.com/rooms/40358829?check_in=2022-04-01&check_out=2022-04-14&previous_page_section_name=1000&federated_search_id=cb51413b-8cbf-4806-8a3b-fd829b554e3a
286,Private room in Vincennes,Room 9m2 with balcony east expo,1 bedroom,2,Wifi Â· Kitchen Â· Washer Â· Heating,36,https://www.airbnb.com/rooms/47435667?check_in=2022-04-01&check_out=2022-04-14&previous_page_section_name=1000&federated_search_id=cb51413b-8cbf-4806-8a3b-fd829b554e3a
287,Entire rental unit in Porte de Clignancourt,Clean and functional housing,Studio,2,Wifi Â· Kitchen Â· Heating,52,https://www.airbnb.com/rooms/29746633?check_in=2022-04-01&check_out=2022-04-14&previous_page_section_name=1000&federated_search_id=cb51413b-8cbf-4806-8a3b-fd829b554e3a
288,Entire rental unit in XVIII Arrondissement,Beautiful 2 room apartment close to SacrÃ© CÅ“ur,1 bedroom,2,Wifi Â· Kitchen Â· Washer Â· Heating,149,https://www.airbnb.com/rooms/53285917?check_in=2022-04-01&check_out=2022-04-14&previous_page_section_name=1000&federated_search_id=cb51413b-8cbf-4806-8a3b-fd829b554e3a
289,Entire loft in Montmartre,Loft-cabane in the heart of Montmartre,1 bedroom,2,Wifi Â· Kitchen Â· Washer Â· Heating,158,https://www.airbnb.com/rooms/28147916?check_in=2022-04-01&check_out=2022-04-14&previous_page_section_name=1000&federated_search_id=cb51413b-8cbf-4806-8a3b-fd829b554e3a
290,Entire rental unit in Montmartre,Charming apartment close to Montmartre,1 bedroom,2,Wifi Â· Kitchen Â· Washer Â· Heating,193,https://www.airbnb.com/rooms/563439975564149637?check_in=2022-04-01&check_out=2022-04-14&previous_page_section_name=1000&federated_search_id=cb51413b-8cbf-4806-8a3b-fd829b554e3a
291,Entire residential home in Noisy-le-Sec,Portes PARIS. MAISON avec JARDIN limite Montreuil,1 bedroom,4,Wifi Â· Kitchen Â· Washer Â· Heating,100,https://www.airbnb.com/rooms/47459375?check_in=2022-04-01&check_out=2022-04-14&previous_page_section_name=1000&federated_search_id=cb51413b-8cbf-4806-8a3b-fd829b554e3a
292,Entire apartment in XIV Arrondissement,Welcoming studio in the quiet center of Malakoff,Studio,2,Wifi Â· Kitchen Â· Heating,83,https://www.airbnb.com/rooms/49312413?check_in=2022-04-01&check_out=2022-04-14&previous_page_section_name=1000&federated_search_id=cb51413b-8cbf-4806-8a3b-fd829b554e3a
293,Private room in Saint-Denis,Room,2 bedrooms,1,Wifi Â· Kitchen Â· Heating,28,https://www.airbnb.com/rooms/44568020?check_in=2022-04-01&check_out=2022-04-14&previous_page_section_name=1000&federated_search_id=cb51413b-8cbf-4806-8a3b-fd829b554e3a
294,Entire rental unit in Champs-ElysÃ©es,Amazing Apartment 3BR/8P- Arc de Triomphe-Champs ElysÃ©es,1 bedroom,4,Hosted by a business Â· Wifi Â· Kitchen Â· Washer,332,https://www.airbnb.com/rooms/569991332390796785?check_in=2022-04-01&check_out=2022-04-14&previous_page_section_name=1000&federated_search_id=cb51413b-8cbf-4806-8a3b-fd829b554e3a
295,Private room in PÃ¨re Lachaise - MÃ©nilmontant,Parisian Charming,2 bedrooms,2,Wifi Â· Kitchen Â· Washer Â· Heating,106,https://www.airbnb.com/rooms/13296047?check_in=2022-04-01&check_out=2022-04-14&previous_page_section_name=1000&federated_search_id=cb51413b-8cbf-4806-8a3b-fd829b554e3a
296,Entire rental unit in Porte de Versailles,Cosy Studio - Exhibition center /Eiffel Tower 9,Studio,2,Hosted by a business Â· Wifi Â· Kitchen Â· Heating,156,https://www.airbnb.com/rooms/50859498?check_in=2022-04-01&check_out=2022-04-14&previous_page_section_name=1000&federated_search_id=cb51413b-8cbf-4806-8a3b-fd829b554e3a
297,Shared room in Bondy,Cooliving near paris 15 min,1 bedroom,1,Wifi Â· Kitchen Â· Washer,12,https://www.airbnb.com/rooms/561695647743044795?check_in=2022-04-01&check_out=2022-04-14&previous_page_section_name=1000&federated_search_id=cb51413b-8cbf-4806-8a3b-fd829b554e3a
298,Private room in Batignolles,ChezRosy,1 bedroom,2,Wifi Â· Kitchen Â· Washer Â· Heating,45,https://www.airbnb.com/rooms/27471388?check_in=2022-04-01&check_out=2022-04-14&previous_page_section_name=1000&federated_search_id=cb51413b-8cbf-4806-8a3b-fd829b554e3a
299,Entire loft in Courbevoie,Amazing architecte loft 10 minutes from La Defense,1 bedroom,2,Wifi Â· Kitchen Â· Washer Â· Heating,142,https://www.airbnb.com/rooms/45298461?check_in=2022-04-01&check_out=2022-04-14&previous_page_section_name=1000&federated_search_id=cb51413b-8cbf-4806-8a3b-fd829b554e3a
